"address","categories/0","categories/1","categoryName","cid","city","countryCode","fid","imageUrl","isAdvertisement","isLocalGuide","likesCount","location/lat","location/lng","name","neighborhood","permanentlyClosed","placeId","postalCode","price","publishAt","publishedAtDate","rating","responseFromOwnerDate","responseFromOwnerText","reviewContext/Niveau de bruit","reviewContext/Prix par personne","reviewContext/Service","reviewContext/Type de repas","reviewDetailedRating/Ambiance","reviewDetailedRating/Cuisine","reviewDetailedRating/Service","reviewId","reviewImageUrls/0","reviewImageUrls/1","reviewImageUrls/2","reviewImageUrls/3","reviewImageUrls/4","reviewImageUrls/5","reviewImageUrls/6","reviewImageUrls/7","reviewImageUrls/8","reviewOrigin","reviewUrl","reviewerId","reviewerNumberOfReviews","reviewerPhotoUrl","reviewerUrl","reviewsCount","searchString","stars","state","street","temporarilyClosed","text","textTranslated","title","totalScore","url","visitedIn"
"22 Bd de Clichy, 75018 Paris, France","Brasserie","Restaurant français","Brasserie","7799438763248845030","Paris","FR","0x47e66e45c7d2be55:0x6c3d2c3b62dc00e6","https://lh5.googleusercontent.com/p/AF1QipMHkZzPPVidDBLK1f6usU3G8LOn9vVjdLCsIOLx=w408-h272-k-no","false","false","0","48.8826517","2.3374635","MEEF 1A 2018-19",,"false","ChIJVb7Sx0Vu5kcR5gDcYjssPWw","75018","20–30 €","il y a 31 minutes","2024-12-13T18:49:51.396Z",,,,,,,,,,,"ChdDSUhNMG9nS0VJQ0FnSUN2bmVLanhRRRAB",,,,,,,,,,"Google","https://www.google.com/maps/reviews/data=!4m8!14m7!1m6!2m5!1sChdDSUhNMG9nS0VJQ0FnSUN2bmVLanhRRRAB!2m1!1s0x0:0x6c3d2c3b62dc00e6!3m1!1s2@1:CIHM0ogKEICAgICvneKjxQE%7CCgwIz4PyugYQoPOevQE%7C?hl=fr","106558654857193297731","0","https://lh3.googleusercontent.com/a/ACg8ocKmSNzF5OtpkRc-H6m9Jny6b-RsbUfqOUESaAX5P47P6U4Uaw=s120-c-rp-mo-br100","https://www.google.com/maps/contrib/106558654857193297731?hl=fr","35618","Direct Detail URL: https://www.google.fr/maps/place/Bouillon+Pigalle/@48.8826552,2.3348886,17z/data=!3m1!4b1!4m6!3m5!1s0x47e66e45c7d2be55:0x6c3d2c3b62dc00e6!8m2!3d48.8826517!4d2.3374635!16s%2Fg%2F1ptw74zq7?hl=fr&entry=ttu&g_ep=EgoyMDI0MTIxMS4wIKXMDSoASAFQAw%3D%3D","5",,"22 Bd de Clichy","false",,,"Bouillon Pigalle","4.6","https://www.google.com/maps/search/?api=1&query=Bouillon%20Pigalle&query_place_id=ChIJVb7Sx0Vu5kcR5gDcYjssPWw","Visité en décembre"
"22 Bd de Clichy, 75018 Paris, France","Brasserie","Restaurant français","Brasserie","7799438763248845030","Paris","FR","0x47e66e45c7d2be55:0x6c3d2c3b62dc00e6","https://lh5.googleusercontent.com/p/AF1QipMHkZzPPVidDBLK1f6usU3G8LOn9vVjdLCsIOLx=w408-h272-k-no","false","true","0","48.8826517","2.3374635","Juan Cardona",,"false","ChIJVb7Sx0Vu5kcR5gDcYjssPWw","75018","20–30 €","il y a 47 minutes","2024-12-13T18:33:58.815Z",,,,,,,,"5","5","5","ChZDSUhNMG9nS0VJQ0FnSUN2bmVqdElREAE",,,,,,,,,,"Google","https://www.google.com/maps/reviews/data=!4m8!14m7!1m6!2m5!1sChZDSUhNMG9nS0VJQ0FnSUN2bmVqdElREAE!2m1!1s0x0:0x6c3d2c3b62dc00e6!3m1!1s2@1:CIHM0ogKEICAgICvnejtIQ%7CCgwIlvzxugYQwLSDhQM%7C?hl=fr","101371237545310509285","253","https://lh3.googleusercontent.com/a-/ALV-UjXL1com1YKMs653IpTddy3yTewIdahCs_1qyketG2xWw3GO4pmp=s120-c-rp-mo-ba6-br100","https://www.google.com/maps/contrib/101371237545310509285?hl=fr","35618","Direct Detail URL: https://www.google.fr/maps/place/Bouillon+Pigalle/@48.8826552,2.3348886,17z/data=!3m1!4b1!4m6!3m5!1s0x47e66e45c7d2be55:0x6c3d2c3b62dc00e6!8m2!3d48.8826517!4d2.3374635!16s%2Fg%2F1ptw74zq7?hl=fr&entry=ttu&g_ep=EgoyMDI0MTIxMS4wIKXMDSoASAFQAw%3D%3D","5",,"22 Bd de Clichy","false",,,"Bouillon Pigalle","4.6","https://www.google.com/maps/search/?api=1&query=Bouillon%20Pigalle&query_place_id=ChIJVb7Sx0Vu5kcR5gDcYjssPWw","Visité en décembre"
"22 Bd de Clichy, 75018 Paris, France","Brasserie","Restaurant français","Brasserie","7799438763248845030","Paris","FR","0x47e66e45c7d2be55:0x6c3d2c3b62dc00e6","https://lh5.googleusercontent.com/p/AF1QipMHkZzPPVidDBLK1f6usU3G8LOn9vVjdLCsIOLx=w408-h272-k-no","false","false","0","48.8826517","2.3374635","Aurimas Pukanasis",,"false","ChIJVb7Sx0Vu5kcR5gDcYjssPWw","75018","20–30 €","il y a 52 minutes","2024-12-13T18:28:36.368Z",,,,,"20–30 €","Repas sur place","Dîner","5","4","5","ChdDSUhNMG9nS0VJQ0FnSUN2bmFDTm1BRRAB",,,,,,,,,,"Google","https://www.google.com/maps/reviews/data=!4m8!14m7!1m6!2m5!1sChdDSUhNMG9nS0VJQ0FnSUN2bmFDTm1BRRAB!2m1!1s0x0:0x6c3d2c3b62dc00e6!3m1!1s2@1:CIHM0ogKEICAgICvnaCNmAE%7CCgwI1PnxugYQqMbkrwE%7C?hl=fr","107809563805682069904","4","https://lh3.googleusercontent.com/a/ACg8ocLWWlDuNyfFY8_GqlDUwN5kDjS3reAxkCZqqZdysIzTc4-p8g=s120-c-rp-mo-br100","https://www.google.com/maps/contrib/107809563805682069904?hl=fr","35618","Direct Detail URL: https://www.google.fr/maps/place/Bouillon+Pigalle/@48.8826552,2.3348886,17z/data=!3m1!4b1!4m6!3m5!1s0x47e66e45c7d2be55:0x6c3d2c3b62dc00e6!8m2!3d48.8826517!4d2.3374635!16s%2Fg%2F1ptw74zq7?hl=fr&entry=ttu&g_ep=EgoyMDI0MTIxMS4wIKXMDSoASAFQAw%3D%3D","5",,"22 Bd de Clichy","false",,,"Bouillon Pigalle","4.6","https://www.google.com/maps/search/?api=1&query=Bouillon%20Pigalle&query_place_id=ChIJVb7Sx0Vu5kcR5gDcYjssPWw","Visité en décembre"
"22 Bd de Clichy, 75018 Paris, France","Brasserie","Restaurant français","Brasserie","7799438763248845030","Paris","FR","0x47e66e45c7d2be55:0x6c3d2c3b62dc00e6","https://lh5.googleusercontent.com/p/AF1QipMHkZzPPVidDBLK1f6usU3G8LOn9vVjdLCsIOLx=w408-h272-k-no","false","false","0","48.8826517","2.3374635","Karen Trujillo",,"false","ChIJVb7Sx0Vu5kcR5gDcYjssPWw","75018","20–30 €","il y a une heure","2024-12-13T18:13:12.343Z",,,,,,,,"5","5","5","ChdDSUhNMG9nS0VJQ0FnSURSd2M2YnJ3RRAB",,,,,,,,,,"Google","https://www.google.com/maps/reviews/data=!4m8!14m7!1m6!2m5!1sChdDSUhNMG9nS0VJQ0FnSURSd2M2YnJ3RRAB!2m1!1s0x0:0x6c3d2c3b62dc00e6!3m1!1s2@1:CIHM0ogKEICAgIDRwc6brwE%7CCgwIuPLxugYQoJTiowE%7C?hl=fr","114401630809709816793","4","https://lh3.googleusercontent.com/a-/ALV-UjX4mxxB5lH6EIaNPYatmF_vAoFexujykPFexJlq9KHpytjEZ6Bb=s120-c-rp-mo-br100","https://www.google.com/maps/contrib/114401630809709816793?hl=fr","35618","Direct Detail URL: https://www.google.fr/maps/place/Bouillon+Pigalle/@48.8826552,2.3348886,17z/data=!3m1!4b1!4m6!3m5!1s0x47e66e45c7d2be55:0x6c3d2c3b62dc00e6!8m2!3d48.8826517!4d2.3374635!16s%2Fg%2F1ptw74zq7?hl=fr&entry=ttu&g_ep=EgoyMDI0MTIxMS4wIKXMDSoASAFQAw%3D%3D","5",,"22 Bd de Clichy","false",,,"Bouillon Pigalle","4.6","https://www.google.com/maps/search/?api=1&query=Bouillon%20Pigalle&query_place_id=ChIJVb7Sx0Vu5kcR5gDcYjssPWw","Visité en avril 2023"
"22 Bd de Clichy, 75018 Paris, France","Brasserie","Restaurant français","Brasserie","7799438763248845030","Paris","FR","0x47e66e45c7d2be55:0x6c3d2c3b62dc00e6","https://lh5.googleusercontent.com/p/AF1QipMHkZzPPVidDBLK1f6usU3G8LOn9vVjdLCsIOLx=w408-h272-k-no","false","true","0","48.8826517","2.3374635","Hamza T.",,"false","ChIJVb7Sx0Vu5kcR5gDcYjssPWw","75018","20–30 €","il y a 2 heures","2024-12-13T17:09:30.665Z",,,,,,,,"2","3","3","ChZDSUhNMG9nS0VJQ0FnSUN2N2ZqeE1BEAE",,,,,,,,,,"Google","https://www.google.com/maps/reviews/data=!4m8!14m7!1m6!2m5!1sChZDSUhNMG9nS0VJQ0FnSUN2N2ZqeE1BEAE!2m1!1s0x0:0x6c3d2c3b62dc00e6!3m1!1s2@1:CIHM0ogKEICAgICv7fjxMA%7CCgwIytTxugYQiOmbvQI%7C?hl=fr","108965305215770870859","42","https://lh3.googleusercontent.com/a-/ALV-UjUFwxbgfLUchm5iLOUWIfKxTnfvg62JKbJSyCO_njdZRBQV9zm3=s120-c-rp-mo-ba3-br100","https://www.google.com/maps/contrib/108965305215770870859?hl=fr","35618","Direct Detail URL: https://www.google.fr/maps/place/Bouillon+Pigalle/@48.8826552,2.3348886,17z/data=!3m1!4b1!4m6!3m5!1s0x47e66e45c7d2be55:0x6c3d2c3b62dc00e6!8m2!3d48.8826517!4d2.3374635!16s%2Fg%2F1ptw74zq7?hl=fr&entry=ttu&g_ep=EgoyMDI0MTIxMS4wIKXMDSoASAFQAw%3D%3D","3",,"22 Bd de Clichy","false","C'est pas cher, c'est pas dégueu, c'est pas décevant. Je ne le recommande juste pas.
Meh",,"Bouillon Pigalle","4.6","https://www.google.com/maps/search/?api=1&query=Bouillon%20Pigalle&query_place_id=ChIJVb7Sx0Vu5kcR5gDcYjssPWw","Visité en décembre"
"22 Bd de Clichy, 75018 Paris, France","Brasserie","Restaurant français","Brasserie","7799438763248845030","Paris","FR","0x47e66e45c7d2be55:0x6c3d2c3b62dc00e6","https://lh5.googleusercontent.com/p/AF1QipMHkZzPPVidDBLK1f6usU3G8LOn9vVjdLCsIOLx=w408-h272-k-no","false","true","0","48.8826517","2.3374635","Veaceslav Lazari",,"false","ChIJVb7Sx0Vu5kcR5gDcYjssPWw","75018","20–30 €","il y a 2 heures","2024-12-13T16:34:01.932Z",,,,,"10–20 €","Repas sur place","Déjeuner","5","4","4","ChZDSUhNMG9nS0VJQ0FnSUN2cmRPQUR3EAE",,,,,,,,,,"Google","https://www.google.com/maps/reviews/data=!4m8!14m7!1m6!2m5!1sChZDSUhNMG9nS0VJQ0FnSUN2cmRPQUR3EAE!2m1!1s0x0:0x6c3d2c3b62dc00e6!3m1!1s2@1:CIHM0ogKEICAgICvrdOADw%7CCgwI-cPxugYQ4L-1vAM%7C?hl=fr","108635311840927472540","1","https://lh3.googleusercontent.com/a/ACg8ocJUh54Is8yy4JaKwhGglfXu5bJkZ3jRfZg6e1H5flMmEDNS=s120-c-rp-mo-ba2-br100","https://www.google.com/maps/contrib/108635311840927472540?hl=fr","35618","Direct Detail URL: https://www.google.fr/maps/place/Bouillon+Pigalle/@48.8826552,2.3348886,17z/data=!3m1!4b1!4m6!3m5!1s0x47e66e45c7d2be55:0x6c3d2c3b62dc00e6!8m2!3d48.8826517!4d2.3374635!16s%2Fg%2F1ptw74zq7?hl=fr&entry=ttu&g_ep=EgoyMDI0MTIxMS4wIKXMDSoASAFQAw%3D%3D","4",,"22 Bd de Clichy","false",,,"Bouillon Pigalle","4.6","https://www.google.com/maps/search/?api=1&query=Bouillon%20Pigalle&query_place_id=ChIJVb7Sx0Vu5kcR5gDcYjssPWw","Visité en décembre"
"22 Bd de Clichy, 75018 Paris, France","Brasserie","Restaurant français","Brasserie","7799438763248845030","Paris","FR","0x47e66e45c7d2be55:0x6c3d2c3b62dc00e6","https://lh5.googleusercontent.com/p/AF1QipMHkZzPPVidDBLK1f6usU3G8LOn9vVjdLCsIOLx=w408-h272-k-no","false","false","0","48.8826517","2.3374635","Nicolas Favardin-Laurain",,"false","ChIJVb7Sx0Vu5kcR5gDcYjssPWw","75018","20–30 €","il y a 3 heures","2024-12-13T16:05:49.069Z",,,,,"30–40 €","Repas sur place","Déjeuner","1","1","2","ChZDSUhNMG9nS0VJQ0FnSUN2cmRIYWVREAE",,,,,,,,,,"Google","https://www.google.com/maps/reviews/data=!4m8!14m7!1m6!2m5!1sChZDSUhNMG9nS0VJQ0FnSUN2cmRIYWVREAE!2m1!1s0x0:0x6c3d2c3b62dc00e6!3m1!1s2@1:CIHM0ogKEICAgICvrdHaeQ%7CCgsI3bbxugYQgM6AIQ%7C?hl=fr","102584149943098997458","2","https://lh3.googleusercontent.com/a-/ALV-UjWsRCIYH9KRHGJg8eLXHR3f9EOvvHUDYnFjp19OFTxvT_mOrws=s120-c-rp-mo-br100","https://www.google.com/maps/contrib/102584149943098997458?hl=fr","35618","Direct Detail URL: https://www.google.fr/maps/place/Bouillon+Pigalle/@48.8826552,2.3348886,17z/data=!3m1!4b1!4m6!3m5!1s0x47e66e45c7d2be55:0x6c3d2c3b62dc00e6!8m2!3d48.8826517!4d2.3374635!16s%2Fg%2F1ptw74zq7?hl=fr&entry=ttu&g_ep=EgoyMDI0MTIxMS4wIKXMDSoASAFQAw%3D%3D","1",,"22 Bd de Clichy","false","Restaurent de très mauvaise qualité en termes de cuisine française...vin servi dans une bouteille sans étiquette et mauvais, foie gras digne de grande surface, tourte au ris de veau très certainement surgelé au vue du goût et de la texture, pas pris de dessert car trop déçue. Ambiance restauration scolaire ça court partout, les table sont coller les une aux autres le bruit on en parle même pas. Pour l'addition obliger de demander de la monnaie à un serveur pour rendre la monnaie...
Franchement très mauvaise expérience, on appelle ça un attrape touristes mais pas un bon restaurent Français....",,"Bouillon Pigalle","4.6","https://www.google.com/maps/search/?api=1&query=Bouillon%20Pigalle&query_place_id=ChIJVb7Sx0Vu5kcR5gDcYjssPWw","Visité en décembre"
"22 Bd de Clichy, 75018 Paris, France","Brasserie","Restaurant français","Brasserie","7799438763248845030","Paris","FR","0x47e66e45c7d2be55:0x6c3d2c3b62dc00e6","https://lh5.googleusercontent.com/p/AF1QipMHkZzPPVidDBLK1f6usU3G8LOn9vVjdLCsIOLx=w408-h272-k-no","false","false","0","48.8826517","2.3374635","Pablo Muñoz Perez",,"false","ChIJVb7Sx0Vu5kcR5gDcYjssPWw","75018","20–30 €","il y a 3 heures","2024-12-13T16:02:44.408Z",,,,,,,,,,,"ChZDSUhNMG9nS0VJQ0FnSUN2cmFIREdBEAE",,,,,,,,,,"Google","https://www.google.com/maps/reviews/data=!4m8!14m7!1m6!2m5!1sChZDSUhNMG9nS0VJQ0FnSUN2cmFIREdBEAE!2m1!1s0x0:0x6c3d2c3b62dc00e6!3m1!1s2@1:CIHM0ogKEICAgICvraHDGA%7CCgwIpLXxugYQ8MH4wgE%7C?hl=fr","111972447014616146857","6","https://lh3.googleusercontent.com/a/ACg8ocLeThoibEHWTy00W9vtypP_aCWWdn-OwRvoLL_-pz4RxAON6Q=s120-c-rp-mo-br100","https://www.google.com/maps/contrib/111972447014616146857?hl=fr","35618","Direct Detail URL: https://www.google.fr/maps/place/Bouillon+Pigalle/@48.8826552,2.3348886,17z/data=!3m1!4b1!4m6!3m5!1s0x47e66e45c7d2be55:0x6c3d2c3b62dc00e6!8m2!3d48.8826517!4d2.3374635!16s%2Fg%2F1ptw74zq7?hl=fr&entry=ttu&g_ep=EgoyMDI0MTIxMS4wIKXMDSoASAFQAw%3D%3D","5",,"22 Bd de Clichy","false",,,"Bouillon Pigalle","4.6","https://www.google.com/maps/search/?api=1&query=Bouillon%20Pigalle&query_place_id=ChIJVb7Sx0Vu5kcR5gDcYjssPWw","Visité en décembre"
"22 Bd de Clichy, 75018 Paris, France","Brasserie","Restaurant français","Brasserie","7799438763248845030","Paris","FR","0x47e66e45c7d2be55:0x6c3d2c3b62dc00e6","https://lh5.googleusercontent.com/p/AF1QipMHkZzPPVidDBLK1f6usU3G8LOn9vVjdLCsIOLx=w408-h272-k-no","false","true","0","48.8826517","2.3374635","Hubert Marcela",,"false","ChIJVb7Sx0Vu5kcR5gDcYjssPWw","75018","20–30 €","il y a 3 heures","2024-12-13T15:58:44.890Z",,,,,"10–20 €","Repas sur place","Déjeuner","5","5","5","ChZDSUhNMG9nS0VJQ0FnSUN2cmI2SVh3EAE",,,,,,,,,,"Google","https://www.google.com/maps/reviews/data=!4m8!14m7!1m6!2m5!1sChZDSUhNMG9nS0VJQ0FnSUN2cmI2SVh3EAE!2m1!1s0x0:0x6c3d2c3b62dc00e6!3m1!1s2@1:CIHM0ogKEICAgICvrb6IXw%7CCgwItLPxugYQwLm_qAM%7C?hl=fr","106482124190018661751","20","https://lh3.googleusercontent.com/a/ACg8ocKUIY8ZA8o8riXMocFsGgr43LIRN-g7jBkbY8chVAs8AgvV=s120-c-rp-mo-ba3-br100","https://www.google.com/maps/contrib/106482124190018661751?hl=fr","35618","Direct Detail URL: https://www.google.fr/maps/place/Bouillon+Pigalle/@48.8826552,2.3348886,17z/data=!3m1!4b1!4m6!3m5!1s0x47e66e45c7d2be55:0x6c3d2c3b62dc00e6!8m2!3d48.8826517!4d2.3374635!16s%2Fg%2F1ptw74zq7?hl=fr&entry=ttu&g_ep=EgoyMDI0MTIxMS4wIKXMDSoASAFQAw%3D%3D","5",,"22 Bd de Clichy","false","To zależy kto co lubi... taki francuski wysublimowany bar mleczny w pozytywnym słowa tego znaczeniu:)","Cela dépend de qui aime quoi... un sublime bar à lait français dans le sens positif du terme :)","Bouillon Pigalle","4.6","https://www.google.com/maps/search/?api=1&query=Bouillon%20Pigalle&query_place_id=ChIJVb7Sx0Vu5kcR5gDcYjssPWw","Visité en décembre"
"22 Bd de Clichy, 75018 Paris, France","Brasserie","Restaurant français","Brasserie","7799438763248845030","Paris","FR","0x47e66e45c7d2be55:0x6c3d2c3b62dc00e6","https://lh5.googleusercontent.com/p/AF1QipMHkZzPPVidDBLK1f6usU3G8LOn9vVjdLCsIOLx=w408-h272-k-no","false","false","0","48.8826517","2.3374635","Julia Zörrer",,"false","ChIJVb7Sx0Vu5kcR5gDcYjssPWw","75018","20–30 €","il y a 3 heures","2024-12-13T15:56:34.409Z",,,,,,,,,,,"ChdDSUhNMG9nS0VJQ0FnSUN2clo3VWdnRRAB",,,,,,,,,,"Google","https://www.google.com/maps/reviews/data=!4m8!14m7!1m6!2m5!1sChdDSUhNMG9nS0VJQ0FnSUN2clo3VWdnRRAB!2m1!1s0x0:0x6c3d2c3b62dc00e6!3m1!1s2@1:CIHM0ogKEICAgICvrZ7UggE%7CCgwIsrLxugYQ-Ku2wwE%7C?hl=fr","106569340823957545139","6","https://lh3.googleusercontent.com/a/ACg8ocJaRXQfx6SgCGlxwNOfW_Qyi8965n0ovopbPaDEP0EyLyEs1w=s120-c-rp-mo-br100","https://www.google.com/maps/contrib/106569340823957545139?hl=fr","35618","Direct Detail URL: https://www.google.fr/maps/place/Bouillon+Pigalle/@48.8826552,2.3348886,17z/data=!3m1!4b1!4m6!3m5!1s0x47e66e45c7d2be55:0x6c3d2c3b62dc00e6!8m2!3d48.8826517!4d2.3374635!16s%2Fg%2F1ptw74zq7?hl=fr&entry=ttu&g_ep=EgoyMDI0MTIxMS4wIKXMDSoASAFQAw%3D%3D","5",,"22 Bd de Clichy","false",,,"Bouillon Pigalle","4.6","https://www.google.com/maps/search/?api=1&query=Bouillon%20Pigalle&query_place_id=ChIJVb7Sx0Vu5kcR5gDcYjssPWw","Visité en décembre"
"22 Bd de Clichy, 75018 Paris, France","Brasserie","Restaurant français","Brasserie","7799438763248845030","Paris","FR","0x47e66e45c7d2be55:0x6c3d2c3b62dc00e6","https://lh5.googleusercontent.com/p/AF1QipMHkZzPPVidDBLK1f6usU3G8LOn9vVjdLCsIOLx=w408-h272-k-no","false","false","0","48.8826517","2.3374635","Majo Najar",,"false","ChIJVb7Sx0Vu5kcR5gDcYjssPWw","75018","20–30 €","il y a 3 heures","2024-12-13T15:32:37.028Z",,,,,"10–20 €","Repas sur place","Brunch","2","5","1","ChZDSUhNMG9nS0VJQ0FnSUN2clp5Nk5REAE",,,,,,,,,,"Google","https://www.google.com/maps/reviews/data=!4m8!14m7!1m6!2m5!1sChZDSUhNMG9nS0VJQ0FnSUN2clp5Nk5REAE!2m1!1s0x0:0x6c3d2c3b62dc00e6!3m1!1s2@1:CIHM0ogKEICAgICvrZy6NQ%7CCgsIlafxugYQsLu9DQ%7C?hl=fr","106005393828367107838","0","https://lh3.googleusercontent.com/a-/ALV-UjX1RgUth6iDRI7xT2l-o-e7oMhe76iyQlV68FhiUHU0lWSuK4elVg=s120-c-rp-mo-br100","https://www.google.com/maps/contrib/106005393828367107838?hl=fr","35618","Direct Detail URL: https://www.google.fr/maps/place/Bouillon+Pigalle/@48.8826552,2.3348886,17z/data=!3m1!4b1!4m6!3m5!1s0x47e66e45c7d2be55:0x6c3d2c3b62dc00e6!8m2!3d48.8826517!4d2.3374635!16s%2Fg%2F1ptw74zq7?hl=fr&entry=ttu&g_ep=EgoyMDI0MTIxMS4wIKXMDSoASAFQAw%3D%3D","3",,"22 Bd de Clichy","false","Un poco demorado el servicio y de afán, la comida deliciosa y buena relación del precio.","Le service et l'empressement ont pris un peu de retard, la nourriture était délicieuse et d'un bon rapport qualité/prix.","Bouillon Pigalle","4.6","https://www.google.com/maps/search/?api=1&query=Bouillon%20Pigalle&query_place_id=ChIJVb7Sx0Vu5kcR5gDcYjssPWw","Visité en décembre"
"22 Bd de Clichy, 75018 Paris, France","Brasserie","Restaurant français","Brasserie","7799438763248845030","Paris","FR","0x47e66e45c7d2be55:0x6c3d2c3b62dc00e6","https://lh5.googleusercontent.com/p/AF1QipMHkZzPPVidDBLK1f6usU3G8LOn9vVjdLCsIOLx=w408-h272-k-no","false","true","0","48.8826517","2.3374635","Naïs",,"false","ChIJVb7Sx0Vu5kcR5gDcYjssPWw","75018","20–30 €","il y a 4 heures","2024-12-13T14:35:20.208Z",,,,,,,,"5","5","4","ChZDSUhNMG9nS0VJQ0FnSUN2emYyYUZREAE",,,,,,,,,,"Google","https://www.google.com/maps/reviews/data=!4m8!14m7!1m6!2m5!1sChZDSUhNMG9nS0VJQ0FnSUN2emYyYUZREAE!2m1!1s0x0:0x6c3d2c3b62dc00e6!3m1!1s2@1:CIHM0ogKEICAgICvzf2aFQ%7CCgsIqIzxugYQ4OnKYw%7C?hl=fr","111112082831375057444","18","https://lh3.googleusercontent.com/a/ACg8ocLQMdKzZ9bPEXtGCnfRoWAA2j9ZMlgrrG5UVFVak-_pMiVvNA=s120-c-rp-mo-ba2-br100","https://www.google.com/maps/contrib/111112082831375057444?hl=fr","35618","Direct Detail URL: https://www.google.fr/maps/place/Bouillon+Pigalle/@48.8826552,2.3348886,17z/data=!3m1!4b1!4m6!3m5!1s0x47e66e45c7d2be55:0x6c3d2c3b62dc00e6!8m2!3d48.8826517!4d2.3374635!16s%2Fg%2F1ptw74zq7?hl=fr&entry=ttu&g_ep=EgoyMDI0MTIxMS4wIKXMDSoASAFQAw%3D%3D","5",,"22 Bd de Clichy","false",,,"Bouillon Pigalle","4.6","https://www.google.com/maps/search/?api=1&query=Bouillon%20Pigalle&query_place_id=ChIJVb7Sx0Vu5kcR5gDcYjssPWw",
"22 Bd de Clichy, 75018 Paris, France","Brasserie","Restaurant français","Brasserie","7799438763248845030","Paris","FR","0x47e66e45c7d2be55:0x6c3d2c3b62dc00e6","https://lh5.googleusercontent.com/p/AF1QipMHkZzPPVidDBLK1f6usU3G8LOn9vVjdLCsIOLx=w408-h272-k-no","false","true","0","48.8826517","2.3374635","Vittorio Trovato",,"false","ChIJVb7Sx0Vu5kcR5gDcYjssPWw","75018","20–30 €","il y a 4 heures","2024-12-13T14:21:35.028Z",,,,,"10–20 €","Repas sur place","Déjeuner","5","5","4","ChZDSUhNMG9nS0VJQ0FnSUN2emVuMk9BEAE",,,,,,,,,,"Google","https://www.google.com/maps/reviews/data=!4m8!14m7!1m6!2m5!1sChZDSUhNMG9nS0VJQ0FnSUN2emVuMk9BEAE!2m1!1s0x0:0x6c3d2c3b62dc00e6!3m1!1s2@1:CIHM0ogKEICAgICvzen2OA%7CCgsI74XxugYQ0NHADQ%7C?hl=fr","112346406620622416393","1","https://lh3.googleusercontent.com/a-/ALV-UjUz6fIoAYX8jdhfD5XCzLIbD0f6t_nTPk_XukhJxZEfskhAMnEASg=s120-c-rp-mo-ba2-br100","https://www.google.com/maps/contrib/112346406620622416393?hl=fr","35618","Direct Detail URL: https://www.google.fr/maps/place/Bouillon+Pigalle/@48.8826552,2.3348886,17z/data=!3m1!4b1!4m6!3m5!1s0x47e66e45c7d2be55:0x6c3d2c3b62dc00e6!8m2!3d48.8826517!4d2.3374635!16s%2Fg%2F1ptw74zq7?hl=fr&entry=ttu&g_ep=EgoyMDI0MTIxMS4wIKXMDSoASAFQAw%3D%3D","4",,"22 Bd de Clichy","false",,,"Bouillon Pigalle","4.6","https://www.google.com/maps/search/?api=1&query=Bouillon%20Pigalle&query_place_id=ChIJVb7Sx0Vu5kcR5gDcYjssPWw","Visité en décembre"
"22 Bd de Clichy, 75018 Paris, France","Brasserie","Restaurant français","Brasserie","7799438763248845030","Paris","FR","0x47e66e45c7d2be55:0x6c3d2c3b62dc00e6","https://lh5.googleusercontent.com/p/AF1QipMHkZzPPVidDBLK1f6usU3G8LOn9vVjdLCsIOLx=w408-h272-k-no","false","false","0","48.8826517","2.3374635","Alice Ledgerwood",,"false","ChIJVb7Sx0Vu5kcR5gDcYjssPWw","75018","20–30 €","il y a 5 heures","2024-12-13T14:18:26.017Z",,,,,,,,"5","5","5","ChZDSUhNMG9nS0VJQ0FnSUN2emJIZGV3EAE",,,,,,,,,,"Google","https://www.google.com/maps/reviews/data=!4m8!14m7!1m6!2m5!1sChZDSUhNMG9nS0VJQ0FnSUN2emJIZGV3EAE!2m1!1s0x0:0x6c3d2c3b62dc00e6!3m1!1s2@1:CIHM0ogKEICAgICvzbHdew%7CCgsIsoTxugYQsMrHCA%7C?hl=fr","115946442634501088304","0","https://lh3.googleusercontent.com/a/ACg8ocKODmZKwZlXjxqE_ILSaX9KfFiPz2tdi4xL5th1JQkl8sFG8Q=s120-c-rp-mo-br100","https://www.google.com/maps/contrib/115946442634501088304?hl=fr","35618","Direct Detail URL: https://www.google.fr/maps/place/Bouillon+Pigalle/@48.8826552,2.3348886,17z/data=!3m1!4b1!4m6!3m5!1s0x47e66e45c7d2be55:0x6c3d2c3b62dc00e6!8m2!3d48.8826517!4d2.3374635!16s%2Fg%2F1ptw74zq7?hl=fr&entry=ttu&g_ep=EgoyMDI0MTIxMS4wIKXMDSoASAFQAw%3D%3D","5",,"22 Bd de Clichy","false",,,"Bouillon Pigalle","4.6","https://www.google.com/maps/search/?api=1&query=Bouillon%20Pigalle&query_place_id=ChIJVb7Sx0Vu5kcR5gDcYjssPWw","Visité en décembre"
"22 Bd de Clichy, 75018 Paris, France","Brasserie","Restaurant français","Brasserie","7799438763248845030","Paris","FR","0x47e66e45c7d2be55:0x6c3d2c3b62dc00e6","https://lh5.googleusercontent.com/p/AF1QipMHkZzPPVidDBLK1f6usU3G8LOn9vVjdLCsIOLx=w408-h272-k-no","false","false","0","48.8826517","2.3374635","Raphael Romero",,"false","ChIJVb7Sx0Vu5kcR5gDcYjssPWw","75018","20–30 €","il y a 5 heures","2024-12-13T13:28:21.923Z",,,,,"20–30 €","Repas sur place","Déjeuner","5","5","5","ChdDSUhNMG9nS0VJQ0FnSUN2emZqWDJBRRAB",,,,,,,,,,"Google","https://www.google.com/maps/reviews/data=!4m8!14m7!1m6!2m5!1sChdDSUhNMG9nS0VJQ0FnSUN2emZqWDJBRRAB!2m1!1s0x0:0x6c3d2c3b62dc00e6!3m1!1s2@1:CIHM0ogKEICAgICvzfjX2AE%7CCgwI9ezwugYQiMWtuAM%7C?hl=fr","102432220672753453909","4","https://lh3.googleusercontent.com/a/ACg8ocKP-9I96zrgtdg2UhE_0LSSe9TKFcS9rn-wOphxASyFp4Extg=s120-c-rp-mo-br100","https://www.google.com/maps/contrib/102432220672753453909?hl=fr","35618","Direct Detail URL: https://www.google.fr/maps/place/Bouillon+Pigalle/@48.8826552,2.3348886,17z/data=!3m1!4b1!4m6!3m5!1s0x47e66e45c7d2be55:0x6c3d2c3b62dc00e6!8m2!3d48.8826517!4d2.3374635!16s%2Fg%2F1ptw74zq7?hl=fr&entry=ttu&g_ep=EgoyMDI0MTIxMS4wIKXMDSoASAFQAw%3D%3D","5",,"22 Bd de Clichy","false",,,"Bouillon Pigalle","4.6","https://www.google.com/maps/search/?api=1&query=Bouillon%20Pigalle&query_place_id=ChIJVb7Sx0Vu5kcR5gDcYjssPWw","Visité en décembre"
"22 Bd de Clichy, 75018 Paris, France","Brasserie","Restaurant français","Brasserie","7799438763248845030","Paris","FR","0x47e66e45c7d2be55:0x6c3d2c3b62dc00e6","https://lh5.googleusercontent.com/p/AF1QipMHkZzPPVidDBLK1f6usU3G8LOn9vVjdLCsIOLx=w408-h272-k-no","false","false","0","48.8826517","2.3374635","Salomé Duque",,"false","ChIJVb7Sx0Vu5kcR5gDcYjssPWw","75018","20–30 €","il y a 6 heures","2024-12-13T13:01:17.429Z",,,,,,,,"5","5","5","ChdDSUhNMG9nS0VJQ0FnSURILUwtLS1RRRAB",,,,,,,,,,"Google","https://www.google.com/maps/reviews/data=!4m8!14m7!1m6!2m5!1sChdDSUhNMG9nS0VJQ0FnSURILUwtLS1RRRAB!2m1!1s0x0:0x6c3d2c3b62dc00e6!3m1!1s2@1:CIHM0ogKEICAgIDH-L---QE%7CCgwIneDwugYQ4If9zAE%7C?hl=fr","109550935609770451425","14","https://lh3.googleusercontent.com/a-/ALV-UjVT5R4hbXmOkbECLqLiWGqSxWDOLqL8_HB6v47KGuCbneBSYWz9=s120-c-rp-mo-br100","https://www.google.com/maps/contrib/109550935609770451425?hl=fr","35618","Direct Detail URL: https://www.google.fr/maps/place/Bouillon+Pigalle/@48.8826552,2.3348886,17z/data=!3m1!4b1!4m6!3m5!1s0x47e66e45c7d2be55:0x6c3d2c3b62dc00e6!8m2!3d48.8826517!4d2.3374635!16s%2Fg%2F1ptw74zq7?hl=fr&entry=ttu&g_ep=EgoyMDI0MTIxMS4wIKXMDSoASAFQAw%3D%3D","5",,"22 Bd de Clichy","false",,,"Bouillon Pigalle","4.6","https://www.google.com/maps/search/?api=1&query=Bouillon%20Pigalle&query_place_id=ChIJVb7Sx0Vu5kcR5gDcYjssPWw","Visité en septembre"
"22 Bd de Clichy, 75018 Paris, France","Brasserie","Restaurant français","Brasserie","7799438763248845030","Paris","FR","0x47e66e45c7d2be55:0x6c3d2c3b62dc00e6","https://lh5.googleusercontent.com/p/AF1QipMHkZzPPVidDBLK1f6usU3G8LOn9vVjdLCsIOLx=w408-h272-k-no","false","false","0","48.8826517","2.3374635","Duque Emma",,"false","ChIJVb7Sx0Vu5kcR5gDcYjssPWw","75018","20–30 €","il y a 6 heures","2024-12-13T13:01:13.686Z",,,,,,,,"5","5","5","ChdDSUhNMG9nS0VJQ0FnSUN2amFmd21nRRAB",,,,,,,,,,"Google","https://www.google.com/maps/reviews/data=!4m8!14m7!1m6!2m5!1sChdDSUhNMG9nS0VJQ0FnSUN2amFmd21nRRAB!2m1!1s0x0:0x6c3d2c3b62dc00e6!3m1!1s2@1:CIHM0ogKEICAgICvjafwmgE%7CCgwImeDwugYQgLupxwI%7C?hl=fr","105877790000359323136","6","https://lh3.googleusercontent.com/a-/ALV-UjWOQeL22YSTMXmwVanrtvB90Piuguxe-XEKVNmb3dP_uFFwmnyN=s120-c-rp-mo-br100","https://www.google.com/maps/contrib/105877790000359323136?hl=fr","35618","Direct Detail URL: https://www.google.fr/maps/place/Bouillon+Pigalle/@48.8826552,2.3348886,17z/data=!3m1!4b1!4m6!3m5!1s0x47e66e45c7d2be55:0x6c3d2c3b62dc00e6!8m2!3d48.8826517!4d2.3374635!16s%2Fg%2F1ptw74zq7?hl=fr&entry=ttu&g_ep=EgoyMDI0MTIxMS4wIKXMDSoASAFQAw%3D%3D","5",,"22 Bd de Clichy","false",,,"Bouillon Pigalle","4.6","https://www.google.com/maps/search/?api=1&query=Bouillon%20Pigalle&query_place_id=ChIJVb7Sx0Vu5kcR5gDcYjssPWw","Visité en décembre"
"22 Bd de Clichy, 75018 Paris, France","Brasserie","Restaurant français","Brasserie","7799438763248845030","Paris","FR","0x47e66e45c7d2be55:0x6c3d2c3b62dc00e6","https://lh5.googleusercontent.com/p/AF1QipMHkZzPPVidDBLK1f6usU3G8LOn9vVjdLCsIOLx=w408-h272-k-no","false","false","0","48.8826517","2.3374635","Leila Tomasi",,"false","ChIJVb7Sx0Vu5kcR5gDcYjssPWw","75018","20–30 €","il y a 6 heures","2024-12-13T12:35:11.478Z",,,,"Élevé (mais il est possible de discuter)",,,"Dîner","2","1","4","ChdDSUhNMG9nS0VJQ0FnSUN2amFYRm9nRRAB",,,,,,,,,,"Google","https://www.google.com/maps/reviews/data=!4m8!14m7!1m6!2m5!1sChdDSUhNMG9nS0VJQ0FnSUN2amFYRm9nRRAB!2m1!1s0x0:0x6c3d2c3b62dc00e6!3m1!1s2@1:CIHM0ogKEICAgICvjaXFogE%7CCgwI_9PwugYQ6LuH5AE%7C?hl=fr","114501183927305263055","11","https://lh3.googleusercontent.com/a/ACg8ocIqvLJx7QItahmSW6vFP5U0mNTLVxaceu0zrVc1ceFjKcHcEg=s120-c-rp-mo-br100","https://www.google.com/maps/contrib/114501183927305263055?hl=fr","35618","Direct Detail URL: https://www.google.fr/maps/place/Bouillon+Pigalle/@48.8826552,2.3348886,17z/data=!3m1!4b1!4m6!3m5!1s0x47e66e45c7d2be55:0x6c3d2c3b62dc00e6!8m2!3d48.8826517!4d2.3374635!16s%2Fg%2F1ptw74zq7?hl=fr&entry=ttu&g_ep=EgoyMDI0MTIxMS4wIKXMDSoASAFQAw%3D%3D","2",,"22 Bd de Clichy","false","A disappointing experience after a year and a half

I was looking forward to returning to Bouillon Pigalle after a year and a half, but I was very disappointed by the drop in quality of the food. We ordered three different starters, three mains, and two desserts, and everything fell far below the standards I had come to expect, having known the bouillon since its early days at Pigalle and République.

Of course, the prices remain unbeatable, but that doesn’t justify such a decline in quality. Success is clearly there, but authenticity and flavor shouldn’t be sacrificed to maintain low prices.

The service, while industrial, was acceptable; you can tell the staff is doing their best under challenging conditions. However, for me, this was my last visit. Other bouillons in Paris offer a far better experience, at the same price, with more authenticity.

///////

Une déception après un an et demi d’absence

J’avais hâte de retourner au Bouillon Pigalle après un an et demi, mais j’ai été très déçue par la baisse de qualité dans l’assiette. Nous avons pris trois entrées, trois plats et deux desserts différents : tout était bien en dessous des standards auxquels je m’attendais, ayant connu le bouillon à ses débuts à Pigalle et République.

Certes, les prix restent imbattables, mais cela ne justifie pas une telle baisse en qualité. Le succès est au rendez-vous, mais il ne faudrait pas sacrifier l’authenticité et le goût pour autant.

Le service, bien qu’industriel, était correct ; on sent que le personnel fait de son mieux dans des conditions pas toujours idéales. Mais pour ma part, c’est une dernière visite : d’autres bouillons à Paris proposent une bien meilleure expérience, au même tarif et avec plus d’authenticité.",,"Bouillon Pigalle","4.6","https://www.google.com/maps/search/?api=1&query=Bouillon%20Pigalle&query_place_id=ChIJVb7Sx0Vu5kcR5gDcYjssPWw","Visité en décembre"
"22 Bd de Clichy, 75018 Paris, France","Brasserie","Restaurant français","Brasserie","7799438763248845030","Paris","FR","0x47e66e45c7d2be55:0x6c3d2c3b62dc00e6","https://lh5.googleusercontent.com/p/AF1QipMHkZzPPVidDBLK1f6usU3G8LOn9vVjdLCsIOLx=w408-h272-k-no","false","false","0","48.8826517","2.3374635","Camille BELLAND",,"false","ChIJVb7Sx0Vu5kcR5gDcYjssPWw","75018","20–30 €","il y a 7 heures","2024-12-13T12:02:28.339Z",,,,,,,,"4","5","4","ChdDSUhNMG9nS0VJQ0FnSUN2amNyWmh3RRAB",,,,,,,,,,"Google","https://www.google.com/maps/reviews/data=!4m8!14m7!1m6!2m5!1sChdDSUhNMG9nS0VJQ0FnSUN2amNyWmh3RRAB!2m1!1s0x0:0x6c3d2c3b62dc00e6!3m1!1s2@1:CIHM0ogKEICAgICvjcrZhwE%7CCgwI1MTwugYQkPiAogE%7C?hl=fr","114489972197757347676","4","https://lh3.googleusercontent.com/a-/ALV-UjW875JfLj5l9btPXG2X7rDGkbwLoRRjas51pn969X1SLQqPGCR_=s120-c-rp-mo-br100","https://www.google.com/maps/contrib/114489972197757347676?hl=fr","35618","Direct Detail URL: https://www.google.fr/maps/place/Bouillon+Pigalle/@48.8826552,2.3348886,17z/data=!3m1!4b1!4m6!3m5!1s0x47e66e45c7d2be55:0x6c3d2c3b62dc00e6!8m2!3d48.8826517!4d2.3374635!16s%2Fg%2F1ptw74zq7?hl=fr&entry=ttu&g_ep=EgoyMDI0MTIxMS4wIKXMDSoASAFQAw%3D%3D","5",,"22 Bd de Clichy","false",,,"Bouillon Pigalle","4.6","https://www.google.com/maps/search/?api=1&query=Bouillon%20Pigalle&query_place_id=ChIJVb7Sx0Vu5kcR5gDcYjssPWw","Visité en décembre"
"22 Bd de Clichy, 75018 Paris, France","Brasserie","Restaurant français","Brasserie","7799438763248845030","Paris","FR","0x47e66e45c7d2be55:0x6c3d2c3b62dc00e6","https://lh5.googleusercontent.com/p/AF1QipMHkZzPPVidDBLK1f6usU3G8LOn9vVjdLCsIOLx=w408-h272-k-no","false","true","0","48.8826517","2.3374635","veeraraj veeramani",,"false","ChIJVb7Sx0Vu5kcR5gDcYjssPWw","75018","20–30 €","il y a 12 heures","2024-12-13T07:20:51.947Z",,,,,"20–30 €","Repas sur place","Dîner","3","4","3","ChZDSUhNMG9nS0VJQ0FnSUN2MWIzNmRREAE",,,,,,,,,,"Google","https://www.google.com/maps/reviews/data=!4m8!14m7!1m6!2m5!1sChZDSUhNMG9nS0VJQ0FnSUN2MWIzNmRREAE!2m1!1s0x0:0x6c3d2c3b62dc00e6!3m1!1s2@1:CIHM0ogKEICAgICv1b36dQ%7CCgwI08DvugYQiNjZwwM%7C?hl=fr","100370072227079123035","5","https://lh3.googleusercontent.com/a-/ALV-UjUqZoHNR5f61pja5PoOPfzdgb8yPpYjHUr0B1lJ50AO0XAUG8FivA=s120-c-rp-mo-ba2-br100","https://www.google.com/maps/contrib/100370072227079123035?hl=fr","35618","Direct Detail URL: https://www.google.fr/maps/place/Bouillon+Pigalle/@48.8826552,2.3348886,17z/data=!3m1!4b1!4m6!3m5!1s0x47e66e45c7d2be55:0x6c3d2c3b62dc00e6!8m2!3d48.8826517!4d2.3374635!16s%2Fg%2F1ptw74zq7?hl=fr&entry=ttu&g_ep=EgoyMDI0MTIxMS4wIKXMDSoASAFQAw%3D%3D","4",,"22 Bd de Clichy","false",,,"Bouillon Pigalle","4.6","https://www.google.com/maps/search/?api=1&query=Bouillon%20Pigalle&query_place_id=ChIJVb7Sx0Vu5kcR5gDcYjssPWw","Visité en décembre"
"22 Bd de Clichy, 75018 Paris, France","Brasserie","Restaurant français","Brasserie","7799438763248845030","Paris","FR","0x47e66e45c7d2be55:0x6c3d2c3b62dc00e6","https://lh5.googleusercontent.com/p/AF1QipMHkZzPPVidDBLK1f6usU3G8LOn9vVjdLCsIOLx=w408-h272-k-no","false","true","1","48.8826517","2.3374635","Jessica Philbin",,"false","ChIJVb7Sx0Vu5kcR5gDcYjssPWw","75018","20–30 €","il y a 19 heures","2024-12-13T00:05:44.879Z",,,,,"10–20 €","Repas sur place","Brunch","5","5","5","ChdDSUhNMG9nS0VJQ0FnSURIME1icnd3RRAB","https://lh5.googleusercontent.com/p/AF1QipPT21iig0FcmaTisIjCZlPlcGBvydIHqwKMZIXt=w1920-h1080-k-no-p","https://lh5.googleusercontent.com/p/AF1QipNwn8l4_HnvNvAzA7XYL08QwAeWsrmMHrIbWawn=w1920-h1080-k-no-p",,,,,,,,"Google","https://www.google.com/maps/reviews/data=!4m8!14m7!1m6!2m5!1sChdDSUhNMG9nS0VJQ0FnSURIME1icnd3RRAB!2m1!1s0x0:0x6c3d2c3b62dc00e6!3m1!1s2@1:CIHM0ogKEICAgIDH0MbrwwE%7CCgwI2PTtugYQkNagowM%7C?hl=fr","115831623249481584627","104","https://lh3.googleusercontent.com/a-/ALV-UjVxkOt5lJPFCZ6-ARQ0z2tkiSBrofSqfIZ4g2JSfqlirgmcFU8f=s120-c-rp-mo-ba4-br100","https://www.google.com/maps/contrib/115831623249481584627?hl=fr","35618","Direct Detail URL: https://www.google.fr/maps/place/Bouillon+Pigalle/@48.8826552,2.3348886,17z/data=!3m1!4b1!4m6!3m5!1s0x47e66e45c7d2be55:0x6c3d2c3b62dc00e6!8m2!3d48.8826517!4d2.3374635!16s%2Fg%2F1ptw74zq7?hl=fr&entry=ttu&g_ep=EgoyMDI0MTIxMS4wIKXMDSoASAFQAw%3D%3D","5",,"22 Bd de Clichy","false","A delicious spot in the heart of Montmartre with very reasonably priced food options & lovely traditional décor. I had the steak frites & onion soup & both were delicious. I can easily see why this place is so popular, amazing service with kind staff. I will definitely return when I am back in Paris. 🥩🧀🧀🥖🍽️🍽️","Un endroit délicieux au cœur de Montmartre avec des options de restauration à des prix très raisonnables et une jolie décoration traditionnelle. J'ai pris le steak frites et la soupe à l'oignon et les deux étaient délicieux. Je peux facilement comprendre pourquoi cet endroit est si populaire, un service exceptionnel et un personnel aimable. J'y retournerai certainement à mon retour à Paris. 🥩🧀🧀🥖🍽️🍽️","Bouillon Pigalle","4.6","https://www.google.com/maps/search/?api=1&query=Bouillon%20Pigalle&query_place_id=ChIJVb7Sx0Vu5kcR5gDcYjssPWw","Visité en septembre"
"22 Bd de Clichy, 75018 Paris, France","Brasserie","Restaurant français","Brasserie","7799438763248845030","Paris","FR","0x47e66e45c7d2be55:0x6c3d2c3b62dc00e6","https://lh5.googleusercontent.com/p/AF1QipMHkZzPPVidDBLK1f6usU3G8LOn9vVjdLCsIOLx=w408-h272-k-no","false","false","0","48.8826517","2.3374635","L tsr",,"false","ChIJVb7Sx0Vu5kcR5gDcYjssPWw","75018","20–30 €","il y a 20 heures","2024-12-12T23:20:06.971Z",,,,,,,,,,,"ChZDSUhNMG9nS0VJQ0FnSUN2eGFIOFNREAE",,,,,,,,,,"Google","https://www.google.com/maps/reviews/data=!4m8!14m7!1m6!2m5!1sChZDSUhNMG9nS0VJQ0FnSUN2eGFIOFNREAE!2m1!1s0x0:0x6c3d2c3b62dc00e6!3m1!1s2@1:CIHM0ogKEICAgICvxaH8SQ%7CCgwIpt_tugYQkNCbzwM%7C?hl=fr","115788644032619535160","2","https://lh3.googleusercontent.com/a/ACg8ocJ80FEFACcZxvk1uUY13SOE8LzUs2wlBDhvr_xdR1LeLjnY7Q=s120-c-rp-mo-br100","https://www.google.com/maps/contrib/115788644032619535160?hl=fr","35618","Direct Detail URL: https://www.google.fr/maps/place/Bouillon+Pigalle/@48.8826552,2.3348886,17z/data=!3m1!4b1!4m6!3m5!1s0x47e66e45c7d2be55:0x6c3d2c3b62dc00e6!8m2!3d48.8826517!4d2.3374635!16s%2Fg%2F1ptw74zq7?hl=fr&entry=ttu&g_ep=EgoyMDI0MTIxMS4wIKXMDSoASAFQAw%3D%3D","5",,"22 Bd de Clichy","false",,,"Bouillon Pigalle","4.6","https://www.google.com/maps/search/?api=1&query=Bouillon%20Pigalle&query_place_id=ChIJVb7Sx0Vu5kcR5gDcYjssPWw","Visité en décembre"
"22 Bd de Clichy, 75018 Paris, France","Brasserie","Restaurant français","Brasserie","7799438763248845030","Paris","FR","0x47e66e45c7d2be55:0x6c3d2c3b62dc00e6","https://lh5.googleusercontent.com/p/AF1QipMHkZzPPVidDBLK1f6usU3G8LOn9vVjdLCsIOLx=w408-h272-k-no","false","false","0","48.8826517","2.3374635","Gabriele Galasso",,"false","ChIJVb7Sx0Vu5kcR5gDcYjssPWw","75018","20–30 €","il y a 20 heures","2024-12-12T23:19:05.961Z",,,,,,,,"5","5","5","ChdDSUhNMG9nS0VJQ0FnSUN2eFlHN2dBRRAB",,,,,,,,,,"Google","https://www.google.com/maps/reviews/data=!4m8!14m7!1m6!2m5!1sChdDSUhNMG9nS0VJQ0FnSUN2eFlHN2dBRRAB!2m1!1s0x0:0x6c3d2c3b62dc00e6!3m1!1s2@1:CIHM0ogKEICAgICvxYG7gAE%7CCgwI6d7tugYQuJmqygM%7C?hl=fr","107546555442770328123","0","https://lh3.googleusercontent.com/a/ACg8ocIjIV2JLXc827k5h0o6C4gdV1xq9NVdxsyJd6DL1gkzs9_1kA=s120-c-rp-mo-br100","https://www.google.com/maps/contrib/107546555442770328123?hl=fr","35618","Direct Detail URL: https://www.google.fr/maps/place/Bouillon+Pigalle/@48.8826552,2.3348886,17z/data=!3m1!4b1!4m6!3m5!1s0x47e66e45c7d2be55:0x6c3d2c3b62dc00e6!8m2!3d48.8826517!4d2.3374635!16s%2Fg%2F1ptw74zq7?hl=fr&entry=ttu&g_ep=EgoyMDI0MTIxMS4wIKXMDSoASAFQAw%3D%3D","5",,"22 Bd de Clichy","false","very good","très bien","Bouillon Pigalle","4.6","https://www.google.com/maps/search/?api=1&query=Bouillon%20Pigalle&query_place_id=ChIJVb7Sx0Vu5kcR5gDcYjssPWw","Visité en décembre"
"22 Bd de Clichy, 75018 Paris, France","Brasserie","Restaurant français","Brasserie","7799438763248845030","Paris","FR","0x47e66e45c7d2be55:0x6c3d2c3b62dc00e6","https://lh5.googleusercontent.com/p/AF1QipMHkZzPPVidDBLK1f6usU3G8LOn9vVjdLCsIOLx=w408-h272-k-no","false","true","0","48.8826517","2.3374635","P W",,"false","ChIJVb7Sx0Vu5kcR5gDcYjssPWw","75018","20–30 €","il y a 20 heures","2024-12-12T23:12:34.944Z",,,,,"20–30 €",,"Déjeuner","4","3","3","ChZDSUhNMG9nS0VJQ0FnSUNYc09EQkxREAE","https://lh5.googleusercontent.com/p/AF1QipOIPC00tCtRO9tVB5DezHtA0Zwrh3463sb2xRhc=w1920-h1080-k-no-p","https://lh5.googleusercontent.com/p/AF1QipPGDmvPFEgvZrD6tLgbkskdwbQPMeGD0r9fue0i=w1920-h1080-k-no-p","https://lh5.googleusercontent.com/p/AF1QipO3IUFQrgdNAUe9s2CJ9kgplFuJTVC_c0PbGD5n=w1920-h1080-k-no-p","https://lh5.googleusercontent.com/p/AF1QipMlS63C6xewcAugIDvIz4F6apqUlljI5i0fxHKT=w1920-h1080-k-no-p","https://lh5.googleusercontent.com/p/AF1QipPi9X6RlJLFLkA3Q_I0PKB7Cl7gqEvgHLe9UFhn=w1920-h1080-k-no-p","https://lh5.googleusercontent.com/p/AF1QipPnwX4l97AhLEKSE3kSVMBc9jz5c1tVmaVrTjP2=w1920-h1080-k-no-p","https://lh5.googleusercontent.com/p/AF1QipNtJG0nFhTr3rKjunAUEgfj6YjYvoAtJihyXKCK=w1920-h1080-k-no-p","https://lh5.googleusercontent.com/p/AF1QipMh61SPPF0VTn51MEIu0QxA7qxVGDdOHCaYckfL=w1920-h1080-k-no-p","https://lh5.googleusercontent.com/p/AF1QipPXD9f0pfRj5kw2z8o8tXQfXQ54lfqjX2kJEeFd=w1920-h1080-k-no-p","Google","https://www.google.com/maps/reviews/data=!4m8!14m7!1m6!2m5!1sChZDSUhNMG9nS0VJQ0FnSUNYc09EQkxREAE!2m1!1s0x0:0x6c3d2c3b62dc00e6!3m1!1s2@1:CIHM0ogKEICAgICXsODBLQ%7CCgwI4tvtugYQ2IynwgM%7C?hl=fr","106142468026787183516","263","https://lh3.googleusercontent.com/a/ACg8ocITy8WU7hY0GUinNDsMw1yMHq8dXG5tZOtvE40bV_s7mjSWcTYI=s120-c-rp-mo-ba6-br100","https://www.google.com/maps/contrib/106142468026787183516?hl=fr","35618","Direct Detail URL: https://www.google.fr/maps/place/Bouillon+Pigalle/@48.8826552,2.3348886,17z/data=!3m1!4b1!4m6!3m5!1s0x47e66e45c7d2be55:0x6c3d2c3b62dc00e6!8m2!3d48.8826517!4d2.3374635!16s%2Fg%2F1ptw74zq7?hl=fr&entry=ttu&g_ep=EgoyMDI0MTIxMS4wIKXMDSoASAFQAw%3D%3D","3",,"22 Bd de Clichy","false","Bouillon Pigalle does a great job of serving inexpensive, solid traditional food to the crowds who stream in to Montmartre, usually after visiting Sacre Couer, which is exactly what we did although Jules was smart enough to make a reservation which allowed us to bypass perhaps 75-100 people in the queue that started down the street.

We were sat within minutes at a decent table and ordered within another 5-10 minutes with an amiable young woman who recommended egg and mushroom casserole and pork loin as entree and plat. I took her advice and Jules added fish rilletes, soupe a l’oignon, and steak frites to our order.

The food was okay, and nothing stood out as being particularly bad or great especially when compared to the standard French bistro fare which, to my American palate is bland and under-seasoned to begin with. To give credit to the French, they like to begin with good quality ingredients and believe in letting the natural flavor of each ingredient shine. I can respect that philosophy, however, after having meal after meal of delicately flavored and minimally seasoned French food, I can still detect when pork loin is dry and overcooked and when eggs and mushrooms were neglected to be seasoned at all. On the other hand I enjoyed my rice pudding au sel caramel, and Jules liked her steak frites and the mustardy fish rillettes which we spread on thick slices of pain campagne.

All in all, Pigalle does an okay job of feeding the masses cheaply. They’re not pretending to be haute cuisine or precious in any way. I can respect their business goals. I was here five years ago and, who knows, maybe I’ll return in a few more.","Bouillon Pigalle fait un excellent travail en servant une cuisine traditionnelle solide et bon marché aux foules qui affluent à Montmartre, généralement après avoir visité le Sacré Cœur, ce qui est exactement ce que nous avons fait bien que Jules ait été assez intelligent pour faire une réservation qui nous a permis de contourner peut-être 75 -100 personnes dans la file d'attente qui partait dans la rue.

Nous nous sommes assis en quelques minutes à une table décente et avons commandé 5 à 10 minutes supplémentaires avec une aimable jeune femme qui a recommandé une cocotte d'œufs et de champignons et une longe de porc comme entrée et plat. J'ai suivi son conseil et Jules a ajouté des rillettes de poisson, de la soupe à l'oignon et du steak frites à notre commande.

La nourriture était correcte et rien ne paraissait particulièrement mauvais ou excellent, surtout par rapport au tarif standard du bistro français qui, pour mon palais américain, est fade et sous-assaisonné au départ. Pour donner du crédit aux Français, ils aiment commencer avec des ingrédients de bonne qualité et croient qu'il faut laisser briller la saveur naturelle de chaque ingrédient. Je peux respecter cette philosophie, cependant, après avoir mangé repas après repas de plats français délicatement aromatisés et peu assaisonnés, je peux encore détecter quand la longe de porc est sèche et trop cuite et quand les œufs et les champignons ont été négligés pour être assaisonnés. Par contre j'ai apprécié mon riz au lait au sel caramel, et Jules a aimé ses steak frites et les rillettes de poisson à la moutarde que nous avons tartinées sur d'épaisses tranches de pain campagne.

Dans l’ensemble, Pigalle fait un bon travail en nourrissant les masses à moindre coût. Ils ne prétendent en aucun cas être de la haute cuisine ou précieux. Je peux respecter leurs objectifs commerciaux. J’étais ici il y a cinq ans et, qui sait, je reviendrai peut-être dans quelques années.","Bouillon Pigalle","4.6","https://www.google.com/maps/search/?api=1&query=Bouillon%20Pigalle&query_place_id=ChIJVb7Sx0Vu5kcR5gDcYjssPWw","Visité en décembre"
"22 Bd de Clichy, 75018 Paris, France","Brasserie","Restaurant français","Brasserie","7799438763248845030","Paris","FR","0x47e66e45c7d2be55:0x6c3d2c3b62dc00e6","https://lh5.googleusercontent.com/p/AF1QipMHkZzPPVidDBLK1f6usU3G8LOn9vVjdLCsIOLx=w408-h272-k-no","false","true","0","48.8826517","2.3374635","juliette vergnet",,"false","ChIJVb7Sx0Vu5kcR5gDcYjssPWw","75018","20–30 €","il y a 20 heures","2024-12-12T23:03:10.579Z",,,,,"20–30 €","Repas sur place","Dîner","4","5","5","ChZDSUhNMG9nS0VJQ0FnSUN2eGVyaExBEAE",,,,,,,,,,"Google","https://www.google.com/maps/reviews/data=!4m8!14m7!1m6!2m5!1sChZDSUhNMG9nS0VJQ0FnSUN2eGVyaExBEAE!2m1!1s0x0:0x6c3d2c3b62dc00e6!3m1!1s2@1:CIHM0ogKEICAgICvxerhLA%7CCgwIrtftugYQ0MublAI%7C?hl=fr","111521799440417268771","15","https://lh3.googleusercontent.com/a/ACg8ocJIpDPIQMvXYhJ4G0VAUXJ1TxsGel6LoDZ1iNydTPULxgRliQ=s120-c-rp-mo-ba2-br100","https://www.google.com/maps/contrib/111521799440417268771?hl=fr","35618","Direct Detail URL: https://www.google.fr/maps/place/Bouillon+Pigalle/@48.8826552,2.3348886,17z/data=!3m1!4b1!4m6!3m5!1s0x47e66e45c7d2be55:0x6c3d2c3b62dc00e6!8m2!3d48.8826517!4d2.3374635!16s%2Fg%2F1ptw74zq7?hl=fr&entry=ttu&g_ep=EgoyMDI0MTIxMS4wIKXMDSoASAFQAw%3D%3D","5",,"22 Bd de Clichy","false",,,"Bouillon Pigalle","4.6","https://www.google.com/maps/search/?api=1&query=Bouillon%20Pigalle&query_place_id=ChIJVb7Sx0Vu5kcR5gDcYjssPWw","Visité en décembre"
"22 Bd de Clichy, 75018 Paris, France","Brasserie","Restaurant français","Brasserie","7799438763248845030","Paris","FR","0x47e66e45c7d2be55:0x6c3d2c3b62dc00e6","https://lh5.googleusercontent.com/p/AF1QipMHkZzPPVidDBLK1f6usU3G8LOn9vVjdLCsIOLx=w408-h272-k-no","false","true","0","48.8826517","2.3374635","karakitsos group",,"false","ChIJVb7Sx0Vu5kcR5gDcYjssPWw","75018","20–30 €","il y a 20 heures","2024-12-12T22:37:02.540Z",,,,,,,,"5","5","5","ChZDSUhNMG9nS0VJQ0FnSUN2eGVqaVVREAE",,,,,,,,,,"Google","https://www.google.com/maps/reviews/data=!4m8!14m7!1m6!2m5!1sChZDSUhNMG9nS0VJQ0FnSUN2eGVqaVVREAE!2m1!1s0x0:0x6c3d2c3b62dc00e6!3m1!1s2@1:CIHM0ogKEICAgICvxejiUQ%7CCgwIjsvtugYQ0PfvgQI%7C?hl=fr","115383491880000450279","433","https://lh3.googleusercontent.com/a-/ALV-UjUvnUG6G99xyxqyNZImZnlFueyXEaEK7JaiDzupCQaOoe_2hW2FvQ=s120-c-rp-mo-ba5-br100","https://www.google.com/maps/contrib/115383491880000450279?hl=fr","35618","Direct Detail URL: https://www.google.fr/maps/place/Bouillon+Pigalle/@48.8826552,2.3348886,17z/data=!3m1!4b1!4m6!3m5!1s0x47e66e45c7d2be55:0x6c3d2c3b62dc00e6!8m2!3d48.8826517!4d2.3374635!16s%2Fg%2F1ptw74zq7?hl=fr&entry=ttu&g_ep=EgoyMDI0MTIxMS4wIKXMDSoASAFQAw%3D%3D","5",,"22 Bd de Clichy","false",,,"Bouillon Pigalle","4.6","https://www.google.com/maps/search/?api=1&query=Bouillon%20Pigalle&query_place_id=ChIJVb7Sx0Vu5kcR5gDcYjssPWw","Visité en décembre"
"22 Bd de Clichy, 75018 Paris, France","Brasserie","Restaurant français","Brasserie","7799438763248845030","Paris","FR","0x47e66e45c7d2be55:0x6c3d2c3b62dc00e6","https://lh5.googleusercontent.com/p/AF1QipMHkZzPPVidDBLK1f6usU3G8LOn9vVjdLCsIOLx=w408-h272-k-no","false","false","0","48.8826517","2.3374635","Ozge Sahin",,"false","ChIJVb7Sx0Vu5kcR5gDcYjssPWw","75018","20–30 €","il y a 20 heures","2024-12-12T22:30:01.343Z",,,,,,,,"5","5","5","ChZDSUhNMG9nS0VJQ0FnSUN2eGNEdkhREAE",,,,,,,,,,"Google","https://www.google.com/maps/reviews/data=!4m8!14m7!1m6!2m5!1sChZDSUhNMG9nS0VJQ0FnSUN2eGNEdkhREAE!2m1!1s0x0:0x6c3d2c3b62dc00e6!3m1!1s2@1:CIHM0ogKEICAgICvxcDvHQ%7CCgwI6cftugYQoP_oowE%7C?hl=fr","109358752331724311945","3","https://lh3.googleusercontent.com/a-/ALV-UjXJ5PK27wuUhyBwA1ZmKL7g2dlbTBgd6dGf9_TIcJju3HHtqEH7=s120-c-rp-mo-br100","https://www.google.com/maps/contrib/109358752331724311945?hl=fr","35618","Direct Detail URL: https://www.google.fr/maps/place/Bouillon+Pigalle/@48.8826552,2.3348886,17z/data=!3m1!4b1!4m6!3m5!1s0x47e66e45c7d2be55:0x6c3d2c3b62dc00e6!8m2!3d48.8826517!4d2.3374635!16s%2Fg%2F1ptw74zq7?hl=fr&entry=ttu&g_ep=EgoyMDI0MTIxMS4wIKXMDSoASAFQAw%3D%3D","5",,"22 Bd de Clichy","false",,,"Bouillon Pigalle","4.6","https://www.google.com/maps/search/?api=1&query=Bouillon%20Pigalle&query_place_id=ChIJVb7Sx0Vu5kcR5gDcYjssPWw","Visité en décembre"
"22 Bd de Clichy, 75018 Paris, France","Brasserie","Restaurant français","Brasserie","7799438763248845030","Paris","FR","0x47e66e45c7d2be55:0x6c3d2c3b62dc00e6","https://lh5.googleusercontent.com/p/AF1QipMHkZzPPVidDBLK1f6usU3G8LOn9vVjdLCsIOLx=w408-h272-k-no","false","false","0","48.8826517","2.3374635","Nicoletta Facendola",,"false","ChIJVb7Sx0Vu5kcR5gDcYjssPWw","75018","20–30 €","il y a 21 heures","2024-12-12T21:44:40.066Z",,,,,,,,"4","5","5","ChZDSUhNMG9nS0VJQ0FnSUN2aGRLZUhnEAE",,,,,,,,,,"Google","https://www.google.com/maps/reviews/data=!4m8!14m7!1m6!2m5!1sChZDSUhNMG9nS0VJQ0FnSUN2aGRLZUhnEAE!2m1!1s0x0:0x6c3d2c3b62dc00e6!3m1!1s2@1:CIHM0ogKEICAgICvhdKeHg%7CCgsIyLLtugYQ0MDjHw%7C?hl=fr","111379047941946405991","1","https://lh3.googleusercontent.com/a/ACg8ocKQS2UpP3g-PhFWyrUjO9N6TYv7w_k83fnjMACbUgAmpuO50Q=s120-c-rp-mo-br100","https://www.google.com/maps/contrib/111379047941946405991?hl=fr","35618","Direct Detail URL: https://www.google.fr/maps/place/Bouillon+Pigalle/@48.8826552,2.3348886,17z/data=!3m1!4b1!4m6!3m5!1s0x47e66e45c7d2be55:0x6c3d2c3b62dc00e6!8m2!3d48.8826517!4d2.3374635!16s%2Fg%2F1ptw74zq7?hl=fr&entry=ttu&g_ep=EgoyMDI0MTIxMS4wIKXMDSoASAFQAw%3D%3D","5",,"22 Bd de Clichy","false",,,"Bouillon Pigalle","4.6","https://www.google.com/maps/search/?api=1&query=Bouillon%20Pigalle&query_place_id=ChIJVb7Sx0Vu5kcR5gDcYjssPWw","Visité en décembre"
"22 Bd de Clichy, 75018 Paris, France","Brasserie","Restaurant français","Brasserie","7799438763248845030","Paris","FR","0x47e66e45c7d2be55:0x6c3d2c3b62dc00e6","https://lh5.googleusercontent.com/p/AF1QipMHkZzPPVidDBLK1f6usU3G8LOn9vVjdLCsIOLx=w408-h272-k-no","false","true","0","48.8826517","2.3374635","cerinaaahh",,"false","ChIJVb7Sx0Vu5kcR5gDcYjssPWw","75018","20–30 €","il y a 21 heures","2024-12-12T21:43:54.344Z",,,,,,,,"5","5","5","ChdDSUhNMG9nS0VJQ0FnSUN2aFpMMWdBRRAB",,,,,,,,,,"Google","https://www.google.com/maps/reviews/data=!4m8!14m7!1m6!2m5!1sChdDSUhNMG9nS0VJQ0FnSUN2aFpMMWdBRRAB!2m1!1s0x0:0x6c3d2c3b62dc00e6!3m1!1s2@1:CIHM0ogKEICAgICvhZL1gAE%7CCgwImrLtugYQyNW3pAE%7C?hl=fr","111171350302168289597","4","https://lh3.googleusercontent.com/a-/ALV-UjWr6-ELa2TUJWN1Fx1ljI4iOyS2a8EHWerdtWO84PL5DFVod_6SEQ=s120-c-rp-mo-ba3-br100","https://www.google.com/maps/contrib/111171350302168289597?hl=fr","35618","Direct Detail URL: https://www.google.fr/maps/place/Bouillon+Pigalle/@48.8826552,2.3348886,17z/data=!3m1!4b1!4m6!3m5!1s0x47e66e45c7d2be55:0x6c3d2c3b62dc00e6!8m2!3d48.8826517!4d2.3374635!16s%2Fg%2F1ptw74zq7?hl=fr&entry=ttu&g_ep=EgoyMDI0MTIxMS4wIKXMDSoASAFQAw%3D%3D","5",,"22 Bd de Clichy","false",,,"Bouillon Pigalle","4.6","https://www.google.com/maps/search/?api=1&query=Bouillon%20Pigalle&query_place_id=ChIJVb7Sx0Vu5kcR5gDcYjssPWw","Visité en décembre"
"22 Bd de Clichy, 75018 Paris, France","Brasserie","Restaurant français","Brasserie","7799438763248845030","Paris","FR","0x47e66e45c7d2be55:0x6c3d2c3b62dc00e6","https://lh5.googleusercontent.com/p/AF1QipMHkZzPPVidDBLK1f6usU3G8LOn9vVjdLCsIOLx=w408-h272-k-no","false","false","0","48.8826517","2.3374635","Inès Mellal",,"false","ChIJVb7Sx0Vu5kcR5gDcYjssPWw","75018","20–30 €","il y a 21 heures","2024-12-12T21:27:27.746Z",,,,,,,,"5","5","5","ChZDSUhNMG9nS0VJQ0FnSUN2aGRqakx3EAE",,,,,,,,,,"Google","https://www.google.com/maps/reviews/data=!4m8!14m7!1m6!2m5!1sChZDSUhNMG9nS0VJQ0FnSUN2aGRqakx3EAE!2m1!1s0x0:0x6c3d2c3b62dc00e6!3m1!1s2@1:CIHM0ogKEICAgICvhdjjLw%7CCgwIv6rtugYQ6PCW5AI%7C?hl=fr","107123367987835296355","9","https://lh3.googleusercontent.com/a-/ALV-UjV_z0Fkk2jjzEL8fNbk99csMVU4ObCfim5mN-tEndVw4Q_FZZtN=s120-c-rp-mo-br100","https://www.google.com/maps/contrib/107123367987835296355?hl=fr","35618","Direct Detail URL: https://www.google.fr/maps/place/Bouillon+Pigalle/@48.8826552,2.3348886,17z/data=!3m1!4b1!4m6!3m5!1s0x47e66e45c7d2be55:0x6c3d2c3b62dc00e6!8m2!3d48.8826517!4d2.3374635!16s%2Fg%2F1ptw74zq7?hl=fr&entry=ttu&g_ep=EgoyMDI0MTIxMS4wIKXMDSoASAFQAw%3D%3D","5",,"22 Bd de Clichy","false",,,"Bouillon Pigalle","4.6","https://www.google.com/maps/search/?api=1&query=Bouillon%20Pigalle&query_place_id=ChIJVb7Sx0Vu5kcR5gDcYjssPWw","Visité en décembre"
"22 Bd de Clichy, 75018 Paris, France","Brasserie","Restaurant français","Brasserie","7799438763248845030","Paris","FR","0x47e66e45c7d2be55:0x6c3d2c3b62dc00e6","https://lh5.googleusercontent.com/p/AF1QipMHkZzPPVidDBLK1f6usU3G8LOn9vVjdLCsIOLx=w408-h272-k-no","false","false","0","48.8826517","2.3374635","Valentin Durranc",,"false","ChIJVb7Sx0Vu5kcR5gDcYjssPWw","75018","20–30 €","il y a 22 heures","2024-12-12T21:14:57.048Z",,,,,,,,"5","5","5","ChZDSUhNMG9nS0VJQ0FnSUN2LVotMFdBEAE",,,,,,,,,,"Google","https://www.google.com/maps/reviews/data=!4m8!14m7!1m6!2m5!1sChZDSUhNMG9nS0VJQ0FnSUN2LVotMFdBEAE!2m1!1s0x0:0x6c3d2c3b62dc00e6!3m1!1s2@1:CIHM0ogKEICAgICv-Z-0WA%7CCgsI0aTtugYQgNqaFw%7C?hl=fr","114427919059517446092","0","https://lh3.googleusercontent.com/a-/ALV-UjUcNv227Ns2DG4PPmBu8OFtbL1jppCyQPMHXq_igPP9vGhlvnem=s120-c-rp-mo-br100","https://www.google.com/maps/contrib/114427919059517446092?hl=fr","35618","Direct Detail URL: https://www.google.fr/maps/place/Bouillon+Pigalle/@48.8826552,2.3348886,17z/data=!3m1!4b1!4m6!3m5!1s0x47e66e45c7d2be55:0x6c3d2c3b62dc00e6!8m2!3d48.8826517!4d2.3374635!16s%2Fg%2F1ptw74zq7?hl=fr&entry=ttu&g_ep=EgoyMDI0MTIxMS4wIKXMDSoASAFQAw%3D%3D","5",,"22 Bd de Clichy","false",,,"Bouillon Pigalle","4.6","https://www.google.com/maps/search/?api=1&query=Bouillon%20Pigalle&query_place_id=ChIJVb7Sx0Vu5kcR5gDcYjssPWw","Visité en décembre"
"22 Bd de Clichy, 75018 Paris, France","Brasserie","Restaurant français","Brasserie","7799438763248845030","Paris","FR","0x47e66e45c7d2be55:0x6c3d2c3b62dc00e6","https://lh5.googleusercontent.com/p/AF1QipMHkZzPPVidDBLK1f6usU3G8LOn9vVjdLCsIOLx=w408-h272-k-no","false","true","0","48.8826517","2.3374635","Christophe Brad",,"false","ChIJVb7Sx0Vu5kcR5gDcYjssPWw","75018","20–30 €","il y a 22 heures","2024-12-12T20:46:40.271Z",,,,,,,,"4","4","4","ChdDSUhNMG9nS0VJQ0FnSUN2LWFXdjdBRRAB",,,,,,,,,,"Google","https://www.google.com/maps/reviews/data=!4m8!14m7!1m6!2m5!1sChdDSUhNMG9nS0VJQ0FnSUN2LWFXdjdBRRAB!2m1!1s0x0:0x6c3d2c3b62dc00e6!3m1!1s2@1:CIHM0ogKEICAgICv-aWv7AE%7CCgwIsJftugYQ2IHZgQE%7C?hl=fr","110388296450460577428","60","https://lh3.googleusercontent.com/a-/ALV-UjWnIJnaNjIVNTS5KKQ8l6RRHqdY91MM8sQaFJrilVxtljM3q1HH=s120-c-rp-mo-ba3-br100","https://www.google.com/maps/contrib/110388296450460577428?hl=fr","35618","Direct Detail URL: https://www.google.fr/maps/place/Bouillon+Pigalle/@48.8826552,2.3348886,17z/data=!3m1!4b1!4m6!3m5!1s0x47e66e45c7d2be55:0x6c3d2c3b62dc00e6!8m2!3d48.8826517!4d2.3374635!16s%2Fg%2F1ptw74zq7?hl=fr&entry=ttu&g_ep=EgoyMDI0MTIxMS4wIKXMDSoASAFQAw%3D%3D","4",,"22 Bd de Clichy","false",,,"Bouillon Pigalle","4.6","https://www.google.com/maps/search/?api=1&query=Bouillon%20Pigalle&query_place_id=ChIJVb7Sx0Vu5kcR5gDcYjssPWw","Visité en décembre"
"22 Bd de Clichy, 75018 Paris, France","Brasserie","Restaurant français","Brasserie","7799438763248845030","Paris","FR","0x47e66e45c7d2be55:0x6c3d2c3b62dc00e6","https://lh5.googleusercontent.com/p/AF1QipMHkZzPPVidDBLK1f6usU3G8LOn9vVjdLCsIOLx=w408-h272-k-no","false","false","0","48.8826517","2.3374635","Marika Adragna",,"false","ChIJVb7Sx0Vu5kcR5gDcYjssPWw","75018","20–30 €","il y a 22 heures","2024-12-12T20:38:45.410Z",,,,,,,,"5","5","5","ChdDSUhNMG9nS0VJQ0FnSUN2LWRHTGh3RRAB",,,,,,,,,,"Google","https://www.google.com/maps/reviews/data=!4m8!14m7!1m6!2m5!1sChdDSUhNMG9nS0VJQ0FnSUN2LWRHTGh3RRAB!2m1!1s0x0:0x6c3d2c3b62dc00e6!3m1!1s2@1:CIHM0ogKEICAgICv-dGLhwE%7CCgwI1ZPtugYQ2Mn1wwE%7C?hl=fr","107229692974062730611","1","https://lh3.googleusercontent.com/a/ACg8ocK5uwrQGcS6rsIwkjuOU_YY5lAk5de1xuksBYVv5og8TH3dfQ=s120-c-rp-mo-br100","https://www.google.com/maps/contrib/107229692974062730611?hl=fr","35618","Direct Detail URL: https://www.google.fr/maps/place/Bouillon+Pigalle/@48.8826552,2.3348886,17z/data=!3m1!4b1!4m6!3m5!1s0x47e66e45c7d2be55:0x6c3d2c3b62dc00e6!8m2!3d48.8826517!4d2.3374635!16s%2Fg%2F1ptw74zq7?hl=fr&entry=ttu&g_ep=EgoyMDI0MTIxMS4wIKXMDSoASAFQAw%3D%3D","5",,"22 Bd de Clichy","false",,,"Bouillon Pigalle","4.6","https://www.google.com/maps/search/?api=1&query=Bouillon%20Pigalle&query_place_id=ChIJVb7Sx0Vu5kcR5gDcYjssPWw","Visité en décembre"
"22 Bd de Clichy, 75018 Paris, France","Brasserie","Restaurant français","Brasserie","7799438763248845030","Paris","FR","0x47e66e45c7d2be55:0x6c3d2c3b62dc00e6","https://lh5.googleusercontent.com/p/AF1QipMHkZzPPVidDBLK1f6usU3G8LOn9vVjdLCsIOLx=w408-h272-k-no","false","true","1","48.8826517","2.3374635","V. B",,"false","ChIJVb7Sx0Vu5kcR5gDcYjssPWw","75018","20–30 €","il y a 22 heures","2024-12-12T20:34:24.951Z",,,,,"20–30 €",,,"1","1","1","ChdDSUhNMG9nS0VJQ0FnSUNEei0tdnFRRRAB",,,,,,,,,,"Google","https://www.google.com/maps/reviews/data=!4m8!14m7!1m6!2m5!1sChdDSUhNMG9nS0VJQ0FnSUNEei0tdnFRRRAB!2m1!1s0x0:0x6c3d2c3b62dc00e6!3m1!1s2@1:CIHM0ogKEICAgICDz--vqQE%7CCgwI0JHtugYQgIrgxQM%7C?hl=fr","116587807070192476655","53","https://lh3.googleusercontent.com/a/ACg8ocJc1JXYo3U1ZHPqHKihE_wOLz_rwNhjLII9Mr3qMsljEDvLvQ=s120-c-rp-mo-ba3-br100","https://www.google.com/maps/contrib/116587807070192476655?hl=fr","35618","Direct Detail URL: https://www.google.fr/maps/place/Bouillon+Pigalle/@48.8826552,2.3348886,17z/data=!3m1!4b1!4m6!3m5!1s0x47e66e45c7d2be55:0x6c3d2c3b62dc00e6!8m2!3d48.8826517!4d2.3374635!16s%2Fg%2F1ptw74zq7?hl=fr&entry=ttu&g_ep=EgoyMDI0MTIxMS4wIKXMDSoASAFQAw%3D%3D","1",,"22 Bd de Clichy","false","Service déplorable. J’adorais ce restaurant mais la qualité et la quantité ont énormément baissées.. très déçu de mes dernières expériences. est-ce une question de rentabilité ou un changement de direction ? Quoi qu’il en soit choisissez un autre bouillon pour une meilleure expérience et un rapport qualité prix honnête. Bisous",,"Bouillon Pigalle","4.6","https://www.google.com/maps/search/?api=1&query=Bouillon%20Pigalle&query_place_id=ChIJVb7Sx0Vu5kcR5gDcYjssPWw","Visité en avril"
"22 Bd de Clichy, 75018 Paris, France","Brasserie","Restaurant français","Brasserie","7799438763248845030","Paris","FR","0x47e66e45c7d2be55:0x6c3d2c3b62dc00e6","https://lh5.googleusercontent.com/p/AF1QipMHkZzPPVidDBLK1f6usU3G8LOn9vVjdLCsIOLx=w408-h272-k-no","false","false","0","48.8826517","2.3374635","Felix Tellitocci",,"false","ChIJVb7Sx0Vu5kcR5gDcYjssPWw","75018","20–30 €","il y a 22 heures","2024-12-12T20:26:09.031Z",,,,,,,,"5","5","5","ChZDSUhNMG9nS0VJQ0FnSUN2LWZxLU1BEAE",,,,,,,,,,"Google","https://www.google.com/maps/reviews/data=!4m8!14m7!1m6!2m5!1sChZDSUhNMG9nS0VJQ0FnSUN2LWZxLU1BEAE!2m1!1s0x0:0x6c3d2c3b62dc00e6!3m1!1s2@1:CIHM0ogKEICAgICv-fq-MA%7CCgsI4Y3tugYQgO2CDw%7C?hl=fr","106651760229529464132","0","https://lh3.googleusercontent.com/a/ACg8ocLRX1v6N5XtnUzVw6PhUeiT3me57USebVvHRg-G-vk7BQ3viA=s120-c-rp-mo-br100","https://www.google.com/maps/contrib/106651760229529464132?hl=fr","35618","Direct Detail URL: https://www.google.fr/maps/place/Bouillon+Pigalle/@48.8826552,2.3348886,17z/data=!3m1!4b1!4m6!3m5!1s0x47e66e45c7d2be55:0x6c3d2c3b62dc00e6!8m2!3d48.8826517!4d2.3374635!16s%2Fg%2F1ptw74zq7?hl=fr&entry=ttu&g_ep=EgoyMDI0MTIxMS4wIKXMDSoASAFQAw%3D%3D","5",,"22 Bd de Clichy","false",,,"Bouillon Pigalle","4.6","https://www.google.com/maps/search/?api=1&query=Bouillon%20Pigalle&query_place_id=ChIJVb7Sx0Vu5kcR5gDcYjssPWw","Visité en décembre"
"22 Bd de Clichy, 75018 Paris, France","Brasserie","Restaurant français","Brasserie","7799438763248845030","Paris","FR","0x47e66e45c7d2be55:0x6c3d2c3b62dc00e6","https://lh5.googleusercontent.com/p/AF1QipMHkZzPPVidDBLK1f6usU3G8LOn9vVjdLCsIOLx=w408-h272-k-no","false","true","0","48.8826517","2.3374635","Alice Somaini",,"false","ChIJVb7Sx0Vu5kcR5gDcYjssPWw","75018","20–30 €","il y a 23 heures","2024-12-12T20:10:17.777Z",,,,,"30–40 €","Repas sur place","Déjeuner","3","2","3","ChdDSUhNMG9nS0VJQ0FnSUN2LWZUOG9RRRAB",,,,,,,,,,"Google","https://www.google.com/maps/reviews/data=!4m8!14m7!1m6!2m5!1sChdDSUhNMG9nS0VJQ0FnSUN2LWZUOG9RRRAB!2m1!1s0x0:0x6c3d2c3b62dc00e6!3m1!1s2@1:CIHM0ogKEICAgICv-fT8oQE%7CCgwIqYbtugYQ0P7n8gI%7C?hl=fr","110628937589213500776","40","https://lh3.googleusercontent.com/a/ACg8ocLdNNiwykio2o9NTcne6rsDUlBRP0J9r63ArH2AM4VXjFra_A=s120-c-rp-mo-ba3-br100","https://www.google.com/maps/contrib/110628937589213500776?hl=fr","35618","Direct Detail URL: https://www.google.fr/maps/place/Bouillon+Pigalle/@48.8826552,2.3348886,17z/data=!3m1!4b1!4m6!3m5!1s0x47e66e45c7d2be55:0x6c3d2c3b62dc00e6!8m2!3d48.8826517!4d2.3374635!16s%2Fg%2F1ptw74zq7?hl=fr&entry=ttu&g_ep=EgoyMDI0MTIxMS4wIKXMDSoASAFQAw%3D%3D","3",,"22 Bd de Clichy","false","Ambiance très bruyante, service ok, dessert très bien. Par contre entrée moyenne et plat principal vraiment pas ouf. C'était du poisson tellement cuit et sec, sans goût. Attente très longue pour les cafés, on n'en parle même pas pour les infusions.",,"Bouillon Pigalle","4.6","https://www.google.com/maps/search/?api=1&query=Bouillon%20Pigalle&query_place_id=ChIJVb7Sx0Vu5kcR5gDcYjssPWw","Visité en décembre"
"22 Bd de Clichy, 75018 Paris, France","Brasserie","Restaurant français","Brasserie","7799438763248845030","Paris","FR","0x47e66e45c7d2be55:0x6c3d2c3b62dc00e6","https://lh5.googleusercontent.com/p/AF1QipMHkZzPPVidDBLK1f6usU3G8LOn9vVjdLCsIOLx=w408-h272-k-no","false","false","0","48.8826517","2.3374635","Matheo Desset",,"false","ChIJVb7Sx0Vu5kcR5gDcYjssPWw","75018","20–30 €","il y a 23 heures","2024-12-12T19:57:34.761Z",,,,,,,,"5","5","5","ChdDSUhNMG9nS0VJQ0FnSUN2LVlEZ3JnRRAB",,,,,,,,,,"Google","https://www.google.com/maps/reviews/data=!4m8!14m7!1m6!2m5!1sChdDSUhNMG9nS0VJQ0FnSUN2LVlEZ3JnRRAB!2m1!1s0x0:0x6c3d2c3b62dc00e6!3m1!1s2@1:CIHM0ogKEICAgICv-YDgrgE%7CCgwIroDtugYQ6MmO6wI%7C?hl=fr","114490811445469476850","0","https://lh3.googleusercontent.com/a-/ALV-UjW23WBaT-LU7NRtrUQE_sWVvenEUunyp7gxXgmxJOJQYoW3yju6=s120-c-rp-mo-br100","https://www.google.com/maps/contrib/114490811445469476850?hl=fr","35618","Direct Detail URL: https://www.google.fr/maps/place/Bouillon+Pigalle/@48.8826552,2.3348886,17z/data=!3m1!4b1!4m6!3m5!1s0x47e66e45c7d2be55:0x6c3d2c3b62dc00e6!8m2!3d48.8826517!4d2.3374635!16s%2Fg%2F1ptw74zq7?hl=fr&entry=ttu&g_ep=EgoyMDI0MTIxMS4wIKXMDSoASAFQAw%3D%3D","5",,"22 Bd de Clichy","false",,,"Bouillon Pigalle","4.6","https://www.google.com/maps/search/?api=1&query=Bouillon%20Pigalle&query_place_id=ChIJVb7Sx0Vu5kcR5gDcYjssPWw","Visité en décembre"
"22 Bd de Clichy, 75018 Paris, France","Brasserie","Restaurant français","Brasserie","7799438763248845030","Paris","FR","0x47e66e45c7d2be55:0x6c3d2c3b62dc00e6","https://lh5.googleusercontent.com/p/AF1QipMHkZzPPVidDBLK1f6usU3G8LOn9vVjdLCsIOLx=w408-h272-k-no","false","false","0","48.8826517","2.3374635","Estefanía Castañón Rangel",,"false","ChIJVb7Sx0Vu5kcR5gDcYjssPWw","75018","20–30 €","il y a un jour","2024-12-12T19:15:38.681Z",,,,,,,,"5","5","5","ChdDSUhNMG9nS0VJQ0FnSUN2dWM3RXR3RRAB",,,,,,,,,,"Google","https://www.google.com/maps/reviews/data=!4m8!14m7!1m6!2m5!1sChdDSUhNMG9nS0VJQ0FnSUN2dWM3RXR3RRAB!2m1!1s0x0:0x6c3d2c3b62dc00e6!3m1!1s2@1:CIHM0ogKEICAgICvuc7EtwE%7CCgwI2uzsugYQ0KvmxAI%7C?hl=fr","100632487643300048259","0","https://lh3.googleusercontent.com/a-/ALV-UjXf8dQETlaNI69P7DBuj4UqZihp4v5_evclkrYCOH3M61sBVbHl=s120-c-rp-mo-br100","https://www.google.com/maps/contrib/100632487643300048259?hl=fr","35618","Direct Detail URL: https://www.google.fr/maps/place/Bouillon+Pigalle/@48.8826552,2.3348886,17z/data=!3m1!4b1!4m6!3m5!1s0x47e66e45c7d2be55:0x6c3d2c3b62dc00e6!8m2!3d48.8826517!4d2.3374635!16s%2Fg%2F1ptw74zq7?hl=fr&entry=ttu&g_ep=EgoyMDI0MTIxMS4wIKXMDSoASAFQAw%3D%3D","5",,"22 Bd de Clichy","false",,,"Bouillon Pigalle","4.6","https://www.google.com/maps/search/?api=1&query=Bouillon%20Pigalle&query_place_id=ChIJVb7Sx0Vu5kcR5gDcYjssPWw","Visité en décembre"
"22 Bd de Clichy, 75018 Paris, France","Brasserie","Restaurant français","Brasserie","7799438763248845030","Paris","FR","0x47e66e45c7d2be55:0x6c3d2c3b62dc00e6","https://lh5.googleusercontent.com/p/AF1QipMHkZzPPVidDBLK1f6usU3G8LOn9vVjdLCsIOLx=w408-h272-k-no","false","false","0","48.8826517","2.3374635","nini abashidze",,"false","ChIJVb7Sx0Vu5kcR5gDcYjssPWw","75018","20–30 €","il y a un jour","2024-12-12T19:04:11.897Z",,,,,,,,,,,"ChdDSUhNMG9nS0VJQ0FnSUM3cnMzMTVRRRAB",,,,,,,,,,"Google","https://www.google.com/maps/reviews/data=!4m8!14m7!1m6!2m5!1sChdDSUhNMG9nS0VJQ0FnSUM3cnMzMTVRRRAB!2m1!1s0x0:0x6c3d2c3b62dc00e6!3m1!1s2@1:CIHM0ogKEICAgIC7rs315QE%7CCgwIq-fsugYQqL-KrAM%7C?hl=fr","103205422511458611185","0","https://lh3.googleusercontent.com/a/ACg8ocJcZq_T0HH75J6kcK8iPA6RpCGxVfnyNY5YxVMSIRKiNGSeFd4=s120-c-rp-mo-br100","https://www.google.com/maps/contrib/103205422511458611185?hl=fr","35618","Direct Detail URL: https://www.google.fr/maps/place/Bouillon+Pigalle/@48.8826552,2.3348886,17z/data=!3m1!4b1!4m6!3m5!1s0x47e66e45c7d2be55:0x6c3d2c3b62dc00e6!8m2!3d48.8826517!4d2.3374635!16s%2Fg%2F1ptw74zq7?hl=fr&entry=ttu&g_ep=EgoyMDI0MTIxMS4wIKXMDSoASAFQAw%3D%3D","5",,"22 Bd de Clichy","false",,,"Bouillon Pigalle","4.6","https://www.google.com/maps/search/?api=1&query=Bouillon%20Pigalle&query_place_id=ChIJVb7Sx0Vu5kcR5gDcYjssPWw","Visité en août"
"22 Bd de Clichy, 75018 Paris, France","Brasserie","Restaurant français","Brasserie","7799438763248845030","Paris","FR","0x47e66e45c7d2be55:0x6c3d2c3b62dc00e6","https://lh5.googleusercontent.com/p/AF1QipMHkZzPPVidDBLK1f6usU3G8LOn9vVjdLCsIOLx=w408-h272-k-no","false","false","0","48.8826517","2.3374635","KATYKW",,"false","ChIJVb7Sx0Vu5kcR5gDcYjssPWw","75018","20–30 €","il y a un jour","2024-12-12T18:40:14.130Z",,,,,"50–60 €",,"Dîner","5","5","5","ChdDSUhNMG9nS0VJQ0FnSUN2MmZfNDl3RRAB",,,,,,,,,,"Google","https://www.google.com/maps/reviews/data=!4m8!14m7!1m6!2m5!1sChdDSUhNMG9nS0VJQ0FnSUN2MmZfNDl3RRAB!2m1!1s0x0:0x6c3d2c3b62dc00e6!3m1!1s2@1:CIHM0ogKEICAgICv2f_49wE%7CCgsIjtzsugYQoPOkPg%7C?hl=fr","111117526588569745499","1","https://lh3.googleusercontent.com/a-/ALV-UjXK5tjOT6gQ7lao2pMJrHiFmGumX4ZpANOochta5mIapYwx12g4=s120-c-rp-mo-br100","https://www.google.com/maps/contrib/111117526588569745499?hl=fr","35618","Direct Detail URL: https://www.google.fr/maps/place/Bouillon+Pigalle/@48.8826552,2.3348886,17z/data=!3m1!4b1!4m6!3m5!1s0x47e66e45c7d2be55:0x6c3d2c3b62dc00e6!8m2!3d48.8826517!4d2.3374635!16s%2Fg%2F1ptw74zq7?hl=fr&entry=ttu&g_ep=EgoyMDI0MTIxMS4wIKXMDSoASAFQAw%3D%3D","5",,"22 Bd de Clichy","false",,,"Bouillon Pigalle","4.6","https://www.google.com/maps/search/?api=1&query=Bouillon%20Pigalle&query_place_id=ChIJVb7Sx0Vu5kcR5gDcYjssPWw","Visité en décembre"
"22 Bd de Clichy, 75018 Paris, France","Brasserie","Restaurant français","Brasserie","7799438763248845030","Paris","FR","0x47e66e45c7d2be55:0x6c3d2c3b62dc00e6","https://lh5.googleusercontent.com/p/AF1QipMHkZzPPVidDBLK1f6usU3G8LOn9vVjdLCsIOLx=w408-h272-k-no","false","true","0","48.8826517","2.3374635","Mark Sh",,"false","ChIJVb7Sx0Vu5kcR5gDcYjssPWw","75018","20–30 €","il y a un jour","2024-12-12T18:34:09.385Z",,,,,"30–40 €","Repas sur place","Dîner","4","5","5","ChdDSUhNMG9nS0VJQ0FnSUN2MmZmWjRnRRAB",,,,,,,,,,"Google","https://www.google.com/maps/reviews/data=!4m8!14m7!1m6!2m5!1sChdDSUhNMG9nS0VJQ0FnSUN2MmZmWjRnRRAB!2m1!1s0x0:0x6c3d2c3b62dc00e6!3m1!1s2@1:CIHM0ogKEICAgICv2ffZ4gE%7CCgwIodnsugYQsOHQtwE%7C?hl=fr","106860394290779248841","42","https://lh3.googleusercontent.com/a/ACg8ocIhUBjoNbTBANoGImcXzoWMjBFECXRyZyD-sbMVborxKqLLTg=s120-c-rp-mo-ba3-br100","https://www.google.com/maps/contrib/106860394290779248841?hl=fr","35618","Direct Detail URL: https://www.google.fr/maps/place/Bouillon+Pigalle/@48.8826552,2.3348886,17z/data=!3m1!4b1!4m6!3m5!1s0x47e66e45c7d2be55:0x6c3d2c3b62dc00e6!8m2!3d48.8826517!4d2.3374635!16s%2Fg%2F1ptw74zq7?hl=fr&entry=ttu&g_ep=EgoyMDI0MTIxMS4wIKXMDSoASAFQAw%3D%3D","5",,"22 Bd de Clichy","false","You will be not disappointed. Excellent food, not expensive","Vous ne serez pas déçu. Excellente nourriture, pas chère","Bouillon Pigalle","4.6","https://www.google.com/maps/search/?api=1&query=Bouillon%20Pigalle&query_place_id=ChIJVb7Sx0Vu5kcR5gDcYjssPWw","Visité en décembre"
"22 Bd de Clichy, 75018 Paris, France","Brasserie","Restaurant français","Brasserie","7799438763248845030","Paris","FR","0x47e66e45c7d2be55:0x6c3d2c3b62dc00e6","https://lh5.googleusercontent.com/p/AF1QipMHkZzPPVidDBLK1f6usU3G8LOn9vVjdLCsIOLx=w408-h272-k-no","false","false","0","48.8826517","2.3374635","Ben Boddy",,"false","ChIJVb7Sx0Vu5kcR5gDcYjssPWw","75018","20–30 €","il y a un jour","2024-12-12T18:21:10.550Z",,,,,,,,"5","5","5","ChdDSUhNMG9nS0VJQ0FnSUN2MmZPOGpBRRAB",,,,,,,,,,"Google","https://www.google.com/maps/reviews/data=!4m8!14m7!1m6!2m5!1sChdDSUhNMG9nS0VJQ0FnSUN2MmZPOGpBRRAB!2m1!1s0x0:0x6c3d2c3b62dc00e6!3m1!1s2@1:CIHM0ogKEICAgICv2fO8jAE%7CCgwIltPsugYQgLzFhgI%7C?hl=fr","118145837056954654482","0","https://lh3.googleusercontent.com/a/ACg8ocI8DSrGPYGz7Iu3auZadUjpZvqh_2YwtZGbSFrWXBMMdyX3ug=s120-c-rp-mo-br100","https://www.google.com/maps/contrib/118145837056954654482?hl=fr","35618","Direct Detail URL: https://www.google.fr/maps/place/Bouillon+Pigalle/@48.8826552,2.3348886,17z/data=!3m1!4b1!4m6!3m5!1s0x47e66e45c7d2be55:0x6c3d2c3b62dc00e6!8m2!3d48.8826517!4d2.3374635!16s%2Fg%2F1ptw74zq7?hl=fr&entry=ttu&g_ep=EgoyMDI0MTIxMS4wIKXMDSoASAFQAw%3D%3D","5",,"22 Bd de Clichy","false",,,"Bouillon Pigalle","4.6","https://www.google.com/maps/search/?api=1&query=Bouillon%20Pigalle&query_place_id=ChIJVb7Sx0Vu5kcR5gDcYjssPWw","Visité en décembre"
"22 Bd de Clichy, 75018 Paris, France","Brasserie","Restaurant français","Brasserie","7799438763248845030","Paris","FR","0x47e66e45c7d2be55:0x6c3d2c3b62dc00e6","https://lh5.googleusercontent.com/p/AF1QipMHkZzPPVidDBLK1f6usU3G8LOn9vVjdLCsIOLx=w408-h272-k-no","false","true","0","48.8826517","2.3374635","Luis Barros",,"false","ChIJVb7Sx0Vu5kcR5gDcYjssPWw","75018","20–30 €","il y a un jour","2024-12-12T17:58:03.067Z",,,,,,,,"3","3","3","ChZDSUhNMG9nS0VJQ0FnSUN2MmVtWVpREAE",,,,,,,,,,"Google","https://www.google.com/maps/reviews/data=!4m8!14m7!1m6!2m5!1sChZDSUhNMG9nS0VJQ0FnSUN2MmVtWVpREAE!2m1!1s0x0:0x6c3d2c3b62dc00e6!3m1!1s2@1:CIHM0ogKEICAgICv2emYZQ%7CCgsIq8jsugYQqMadIA%7C?hl=fr","105627734885064561677","12","https://lh3.googleusercontent.com/a-/ALV-UjWV8nJN6ryhArDZ9bzF7iA_BYQh3WB7lOA-BjdrTZW4ekUEe5TsyA=s120-c-rp-mo-ba3-br100","https://www.google.com/maps/contrib/105627734885064561677?hl=fr","35618","Direct Detail URL: https://www.google.fr/maps/place/Bouillon+Pigalle/@48.8826552,2.3348886,17z/data=!3m1!4b1!4m6!3m5!1s0x47e66e45c7d2be55:0x6c3d2c3b62dc00e6!8m2!3d48.8826517!4d2.3374635!16s%2Fg%2F1ptw74zq7?hl=fr&entry=ttu&g_ep=EgoyMDI0MTIxMS4wIKXMDSoASAFQAw%3D%3D","3",,"22 Bd de Clichy","false",,,"Bouillon Pigalle","4.6","https://www.google.com/maps/search/?api=1&query=Bouillon%20Pigalle&query_place_id=ChIJVb7Sx0Vu5kcR5gDcYjssPWw","Visité en décembre"
"22 Bd de Clichy, 75018 Paris, France","Brasserie","Restaurant français","Brasserie","7799438763248845030","Paris","FR","0x47e66e45c7d2be55:0x6c3d2c3b62dc00e6","https://lh5.googleusercontent.com/p/AF1QipMHkZzPPVidDBLK1f6usU3G8LOn9vVjdLCsIOLx=w408-h272-k-no","false","false","0","48.8826517","2.3374635","Francesco Tosi",,"false","ChIJVb7Sx0Vu5kcR5gDcYjssPWw","75018","20–30 €","il y a un jour","2024-12-12T17:39:53.944Z",,,,,"20–30 €",,,"5","5","5","ChdDSUhNMG9nS0VJQ0FnSUN2MlphcHdRRRAB",,,,,,,,,,"Google","https://www.google.com/maps/reviews/data=!4m8!14m7!1m6!2m5!1sChdDSUhNMG9nS0VJQ0FnSUN2MlphcHdRRRAB!2m1!1s0x0:0x6c3d2c3b62dc00e6!3m1!1s2@1:CIHM0ogKEICAgICv2ZapwQE%7CCgwI6b_sugYQgPbFwgM%7C?hl=fr","110921458699364546273","0","https://lh3.googleusercontent.com/a-/ALV-UjUpI4fNbv246CPHpqpWFYg7l_6I_eG5CGv1sQqx6zanQQ12_0jr3Q=s120-c-rp-mo-br100","https://www.google.com/maps/contrib/110921458699364546273?hl=fr","35618","Direct Detail URL: https://www.google.fr/maps/place/Bouillon+Pigalle/@48.8826552,2.3348886,17z/data=!3m1!4b1!4m6!3m5!1s0x47e66e45c7d2be55:0x6c3d2c3b62dc00e6!8m2!3d48.8826517!4d2.3374635!16s%2Fg%2F1ptw74zq7?hl=fr&entry=ttu&g_ep=EgoyMDI0MTIxMS4wIKXMDSoASAFQAw%3D%3D","5",,"22 Bd de Clichy","false","Antipasti e piatti principali fenomenali a prezzi incredibilmente bassi per la qualità dei piatti. Favolosi","Entrées et plats principaux phénoménaux à des prix incroyablement bas pour la qualité des plats. Fabuleux","Bouillon Pigalle","4.6","https://www.google.com/maps/search/?api=1&query=Bouillon%20Pigalle&query_place_id=ChIJVb7Sx0Vu5kcR5gDcYjssPWw","Visité en décembre"
"22 Bd de Clichy, 75018 Paris, France","Brasserie","Restaurant français","Brasserie","7799438763248845030","Paris","FR","0x47e66e45c7d2be55:0x6c3d2c3b62dc00e6","https://lh5.googleusercontent.com/p/AF1QipMHkZzPPVidDBLK1f6usU3G8LOn9vVjdLCsIOLx=w408-h272-k-no","false","true","0","48.8826517","2.3374635","Carmine Adele Pio Strangis",,"false","ChIJVb7Sx0Vu5kcR5gDcYjssPWw","75018","20–30 €","il y a un jour","2024-12-12T16:12:52.435Z",,,,,"10–20 €","Repas sur place","Déjeuner","5","5","5","ChZDSUhNMG9nS0VJQ0FnSUN2bWUyRWZREAE","https://lh5.googleusercontent.com/p/AF1QipMMy36ywVzGKeTiFMsqtM9Z9szsWxndsgE75NMq=w1920-h1080-k-no-p",,,,,,,,,"Google","https://www.google.com/maps/reviews/data=!4m8!14m7!1m6!2m5!1sChZDSUhNMG9nS0VJQ0FnSUN2bWUyRWZREAE!2m1!1s0x0:0x6c3d2c3b62dc00e6!3m1!1s2@1:CIHM0ogKEICAgICvme2EfQ%7CCgwIhJfsugYQqJW-zwE%7C?hl=fr","111766959057693019439","12","https://lh3.googleusercontent.com/a/ACg8ocKeaTTIy10QPPBbo3qeCned9G6m-wbwSlQZH18soLv1EGxE8UI=s120-c-rp-mo-ba2-br100","https://www.google.com/maps/contrib/111766959057693019439?hl=fr","35618","Direct Detail URL: https://www.google.fr/maps/place/Bouillon+Pigalle/@48.8826552,2.3348886,17z/data=!3m1!4b1!4m6!3m5!1s0x47e66e45c7d2be55:0x6c3d2c3b62dc00e6!8m2!3d48.8826517!4d2.3374635!16s%2Fg%2F1ptw74zq7?hl=fr&entry=ttu&g_ep=EgoyMDI0MTIxMS4wIKXMDSoASAFQAw%3D%3D","5",,"22 Bd de Clichy","false","Personale gentile , prezzo ottimo per la qualita del cibo offerta","Personnel sympathique, excellent prix pour la qualité de la nourriture proposée","Bouillon Pigalle","4.6","https://www.google.com/maps/search/?api=1&query=Bouillon%20Pigalle&query_place_id=ChIJVb7Sx0Vu5kcR5gDcYjssPWw","Visité en décembre"
"22 Bd de Clichy, 75018 Paris, France","Brasserie","Restaurant français","Brasserie","7799438763248845030","Paris","FR","0x47e66e45c7d2be55:0x6c3d2c3b62dc00e6","https://lh5.googleusercontent.com/p/AF1QipMHkZzPPVidDBLK1f6usU3G8LOn9vVjdLCsIOLx=w408-h272-k-no","false","false","0","48.8826517","2.3374635","Lucian Lucian",,"false","ChIJVb7Sx0Vu5kcR5gDcYjssPWw","75018","20–30 €","il y a un jour","2024-12-12T15:40:30.823Z",,,,,"10–20 €",,"Déjeuner","5","5","5","ChdDSUhNMG9nS0VJQ0FnSUN2bVo3OV9RRRAB",,,,,,,,,,"Google","https://www.google.com/maps/reviews/data=!4m8!14m7!1m6!2m5!1sChdDSUhNMG9nS0VJQ0FnSUN2bVo3OV9RRRAB!2m1!1s0x0:0x6c3d2c3b62dc00e6!3m1!1s2@1:CIHM0ogKEICAgICvmZ79_QE%7CCgwI7ofsugYQ4IzliAM%7C?hl=fr","115745370267717824583","3","https://lh3.googleusercontent.com/a/ACg8ocJZn74faHItOvHKYAmw2PAB7yLey8fmDGjLGUjt-K4s_KR1zw=s120-c-rp-mo-br100","https://www.google.com/maps/contrib/115745370267717824583?hl=fr","35618","Direct Detail URL: https://www.google.fr/maps/place/Bouillon+Pigalle/@48.8826552,2.3348886,17z/data=!3m1!4b1!4m6!3m5!1s0x47e66e45c7d2be55:0x6c3d2c3b62dc00e6!8m2!3d48.8826517!4d2.3374635!16s%2Fg%2F1ptw74zq7?hl=fr&entry=ttu&g_ep=EgoyMDI0MTIxMS4wIKXMDSoASAFQAw%3D%3D","5",,"22 Bd de Clichy","false",,,"Bouillon Pigalle","4.6","https://www.google.com/maps/search/?api=1&query=Bouillon%20Pigalle&query_place_id=ChIJVb7Sx0Vu5kcR5gDcYjssPWw","Visité en décembre"
"22 Bd de Clichy, 75018 Paris, France","Brasserie","Restaurant français","Brasserie","7799438763248845030","Paris","FR","0x47e66e45c7d2be55:0x6c3d2c3b62dc00e6","https://lh5.googleusercontent.com/p/AF1QipMHkZzPPVidDBLK1f6usU3G8LOn9vVjdLCsIOLx=w408-h272-k-no","false","true","0","48.8826517","2.3374635","Cam Murison",,"false","ChIJVb7Sx0Vu5kcR5gDcYjssPWw","75018","20–30 €","il y a un jour","2024-12-12T15:39:52.890Z",,,,,,,,"5","5","5","ChdDSUhNMG9nS0VJQ0FnSUN2bVo3S2tRRRAB","https://lh5.googleusercontent.com/p/AF1QipP2GhZjqLMQHG6mpP9rbyjChdZhBZFk7D5nwmk0=w1920-h1080-k-no-p","https://lh5.googleusercontent.com/p/AF1QipNgiHmoanPYte2tiUHqFmajQs2we48fy68vR5tn=w1920-h1080-k-no-p",,,,,,,,"Google","https://www.google.com/maps/reviews/data=!4m8!14m7!1m6!2m5!1sChdDSUhNMG9nS0VJQ0FnSUN2bVo3S2tRRRAB!2m1!1s0x0:0x6c3d2c3b62dc00e6!3m1!1s2@1:CIHM0ogKEICAgICvmZ7KkQE%7CCgwIyIfsugYQgO7sqAM%7C?hl=fr","114536883104616862907","20","https://lh3.googleusercontent.com/a/ACg8ocK2kuEjo3as-UlShsCLl6ReVzIsjj1wznZm06QqV_DTFwECLw=s120-c-rp-mo-ba3-br100","https://www.google.com/maps/contrib/114536883104616862907?hl=fr","35618","Direct Detail URL: https://www.google.fr/maps/place/Bouillon+Pigalle/@48.8826552,2.3348886,17z/data=!3m1!4b1!4m6!3m5!1s0x47e66e45c7d2be55:0x6c3d2c3b62dc00e6!8m2!3d48.8826517!4d2.3374635!16s%2Fg%2F1ptw74zq7?hl=fr&entry=ttu&g_ep=EgoyMDI0MTIxMS4wIKXMDSoASAFQAw%3D%3D","5",,"22 Bd de Clichy","false","Great traditional food and great prices. Service was quick and attentive. Food was very enjoyable and extremely well priced. Highly recommend.","Bonne cuisine traditionnelle et bons prix. Le service était rapide et attentionné. La nourriture était très agréable et extrêmement abordable. Je le recommande vivement.","Bouillon Pigalle","4.6","https://www.google.com/maps/search/?api=1&query=Bouillon%20Pigalle&query_place_id=ChIJVb7Sx0Vu5kcR5gDcYjssPWw","Visité en décembre"
"22 Bd de Clichy, 75018 Paris, France","Brasserie","Restaurant français","Brasserie","7799438763248845030","Paris","FR","0x47e66e45c7d2be55:0x6c3d2c3b62dc00e6","https://lh5.googleusercontent.com/p/AF1QipMHkZzPPVidDBLK1f6usU3G8LOn9vVjdLCsIOLx=w408-h272-k-no","false","false","0","48.8826517","2.3374635","Mateusz Deręgowski",,"false","ChIJVb7Sx0Vu5kcR5gDcYjssPWw","75018","20–30 €","il y a un jour","2024-12-12T15:23:13.253Z",,,,,,,,"5","5","5","ChZDSUhNMG9nS0VJQ0FnSUN2bVpyX0pBEAE",,,,,,,,,,"Google","https://www.google.com/maps/reviews/data=!4m8!14m7!1m6!2m5!1sChZDSUhNMG9nS0VJQ0FnSUN2bVpyX0pBEAE!2m1!1s0x0:0x6c3d2c3b62dc00e6!3m1!1s2@1:CIHM0ogKEICAgICvmZr_JA%7CCgsI4f_rugYQgNrueA%7C?hl=fr","112974671510783622715","2","https://lh3.googleusercontent.com/a/ACg8ocI3l4Yu71NX-hhF2Uog35W1Bl6nADmSdAbu-RRe0aQ3wx9-ng=s120-c-rp-mo-br100","https://www.google.com/maps/contrib/112974671510783622715?hl=fr","35618","Direct Detail URL: https://www.google.fr/maps/place/Bouillon+Pigalle/@48.8826552,2.3348886,17z/data=!3m1!4b1!4m6!3m5!1s0x47e66e45c7d2be55:0x6c3d2c3b62dc00e6!8m2!3d48.8826517!4d2.3374635!16s%2Fg%2F1ptw74zq7?hl=fr&entry=ttu&g_ep=EgoyMDI0MTIxMS4wIKXMDSoASAFQAw%3D%3D","5",,"22 Bd de Clichy","false","Oliwier - super, oby więcej takich życzliwych kelnerów, dla tych co nie rozumieją niektórych pozycji w menu, Oliwier ma żonę Polkę i w j. Polskim pomaga wybrać odpowiednie danie

Jedzenie również super","Oliwier - super, j'aurais aimé qu'il y ait plus de serveurs aussi sympathiques, pour ceux qui ne comprennent pas certains éléments du menu, Oliwier a une femme polonaise et en polonais, il aide à choisir le bon plat

La nourriture était également excellente","Bouillon Pigalle","4.6","https://www.google.com/maps/search/?api=1&query=Bouillon%20Pigalle&query_place_id=ChIJVb7Sx0Vu5kcR5gDcYjssPWw","Visité en décembre"
"22 Bd de Clichy, 75018 Paris, France","Brasserie","Restaurant français","Brasserie","7799438763248845030","Paris","FR","0x47e66e45c7d2be55:0x6c3d2c3b62dc00e6","https://lh5.googleusercontent.com/p/AF1QipMHkZzPPVidDBLK1f6usU3G8LOn9vVjdLCsIOLx=w408-h272-k-no","false","true","0","48.8826517","2.3374635","Lucas J.",,"false","ChIJVb7Sx0Vu5kcR5gDcYjssPWw","75018","20–30 €","il y a un jour","2024-12-12T15:21:23.605Z",,,,,,,,"3","3","3","ChdDSUhNMG9nS0VJQ0FnSUN2bWVyRjVRRRAB",,,,,,,,,,"Google","https://www.google.com/maps/reviews/data=!4m8!14m7!1m6!2m5!1sChdDSUhNMG9nS0VJQ0FnSUN2bWVyRjVRRRAB!2m1!1s0x0:0x6c3d2c3b62dc00e6!3m1!1s2@1:CIHM0ogKEICAgICvmerF5QE%7CCgwI8_7rugYQgJbXoAI%7C?hl=fr","110874531119107691516","40","https://lh3.googleusercontent.com/a-/ALV-UjWvrTU4UmecHWuH7VEEIt7ClWSHDG6MVIWILV8M2pBY5YfNm1Bn=s120-c-rp-mo-ba3-br100","https://www.google.com/maps/contrib/110874531119107691516?hl=fr","35618","Direct Detail URL: https://www.google.fr/maps/place/Bouillon+Pigalle/@48.8826552,2.3348886,17z/data=!3m1!4b1!4m6!3m5!1s0x47e66e45c7d2be55:0x6c3d2c3b62dc00e6!8m2!3d48.8826517!4d2.3374635!16s%2Fg%2F1ptw74zq7?hl=fr&entry=ttu&g_ep=EgoyMDI0MTIxMS4wIKXMDSoASAFQAw%3D%3D","3",,"22 Bd de Clichy","false",,,"Bouillon Pigalle","4.6","https://www.google.com/maps/search/?api=1&query=Bouillon%20Pigalle&query_place_id=ChIJVb7Sx0Vu5kcR5gDcYjssPWw","Visité en décembre"
"22 Bd de Clichy, 75018 Paris, France","Brasserie","Restaurant français","Brasserie","7799438763248845030","Paris","FR","0x47e66e45c7d2be55:0x6c3d2c3b62dc00e6","https://lh5.googleusercontent.com/p/AF1QipMHkZzPPVidDBLK1f6usU3G8LOn9vVjdLCsIOLx=w408-h272-k-no","false","false","0","48.8826517","2.3374635","XPLORER Logistic",,"false","ChIJVb7Sx0Vu5kcR5gDcYjssPWw","75018","20–30 €","il y a un jour","2024-12-12T15:11:19.034Z",,,,,,,,"5","5","5","ChdDSUhNMG9nS0VJQ0FnSUN2bVlMNnV3RRAB",,,,,,,,,,"Google","https://www.google.com/maps/reviews/data=!4m8!14m7!1m6!2m5!1sChdDSUhNMG9nS0VJQ0FnSUN2bVlMNnV3RRAB!2m1!1s0x0:0x6c3d2c3b62dc00e6!3m1!1s2@1:CIHM0ogKEICAgICvmYL6uwE%7CCgsIl_rrugYQ4LqvEA%7C?hl=fr","108217347739554486886","4","https://lh3.googleusercontent.com/a/ACg8ocIYC3CGBGUYujvPlqdYFoJkKZndBAlsqDWN9KxtXC4XEPxRAw=s120-c-rp-mo-br100","https://www.google.com/maps/contrib/108217347739554486886?hl=fr","35618","Direct Detail URL: https://www.google.fr/maps/place/Bouillon+Pigalle/@48.8826552,2.3348886,17z/data=!3m1!4b1!4m6!3m5!1s0x47e66e45c7d2be55:0x6c3d2c3b62dc00e6!8m2!3d48.8826517!4d2.3374635!16s%2Fg%2F1ptw74zq7?hl=fr&entry=ttu&g_ep=EgoyMDI0MTIxMS4wIKXMDSoASAFQAw%3D%3D","5",,"22 Bd de Clichy","false",,,"Bouillon Pigalle","4.6","https://www.google.com/maps/search/?api=1&query=Bouillon%20Pigalle&query_place_id=ChIJVb7Sx0Vu5kcR5gDcYjssPWw","Visité en décembre"
